Entity,Code,Year,"Nurses and midwives (per 1,000 people)"
Afghanistan,AFG,2005,0.5820000171661377
Afghanistan,AFG,2006,0.4399999976158142
Afghanistan,AFG,2007,0.49559998512268066
Afghanistan,AFG,2008,0.49709999561309814
Afghanistan,AFG,2009,0.6078000068664551
Afghanistan,AFG,2013,0.24950000643730164
Afghanistan,AFG,2014,0.147599995136261
Afghanistan,AFG,2015,0.1298999935388565
Afghanistan,AFG,2016,0.14820000529289246
Afghanistan,AFG,2017,0.17550000548362732
Afghanistan,AFG,2018,0.44609999656677246
Albania,ALB,1990,4.499300003051758
Albania,ALB,1993,4.948699951171875
Albania,ALB,1994,5.151400089263916
Albania,ALB,1995,4.599599838256836
Albania,ALB,1996,4.6097002029418945
Albania,ALB,1997,4.6082000732421875
Albania,ALB,1998,4.092299938201904
Albania,ALB,1999,4.076600074768066
Albania,ALB,2000,4.017000198364258
Albania,ALB,2001,3.8320000171661377
Albania,ALB,2002,3.6689999103546143
Albania,ALB,2003,3.6041998863220215
Albania,ALB,2004,3.5866000652313232
Albania,ALB,2005,3.607599973678589
Albania,ALB,2006,4.161300182342529
Albania,ALB,2007,4.201099872589111
Albania,ALB,2009,4.1894001960754395
Albania,ALB,2010,4.0183000564575195
Albania,ALB,2011,4.17609977722168
Albania,ALB,2012,4.4191999435424805
Albania,ALB,2013,4.2891998291015625
Albania,ALB,2016,3.6494998931884766
Albania,ALB,2019,5.0879998207092285
Algeria,DZA,2002,2.1895999908447266
Algeria,DZA,2007,1.9292999505996704
Algeria,DZA,2016,2.243000030517578
Algeria,DZA,2017,2.2228000164031982
Algeria,DZA,2018,1.547700047492981
Andorra,AND,1995,2.4570000171661377
Andorra,AND,1997,2.7060999870300293
Andorra,AND,1998,2.91729998588562
Andorra,AND,1999,3.1677000522613525
Andorra,AND,2000,3.318000078201294
Andorra,AND,2001,3.179800033569336
Andorra,AND,2002,3.1285998821258545
Andorra,AND,2003,2.9372000694274902
Andorra,AND,2004,2.909600019454956
Andorra,AND,2005,3.3714001178741455
Andorra,AND,2006,3.197499990463257
Andorra,AND,2007,3.385699987411499
Andorra,AND,2009,3.680500030517578
Andorra,AND,2015,4.012800216674805
Angola,AGO,1997,0.9162999987602234
Angola,AGO,2004,0.9854000210762024
Angola,AGO,2009,1.3143999576568604
Angola,AGO,2013,0.0012000000569969416
Angola,AGO,2018,0.4074999988079071
Antigua and Barbuda,ATG,1999,3.1191000938415527
Antigua and Barbuda,ATG,2007,3.297600030899048
Antigua and Barbuda,ATG,2013,4.601099967956543
Antigua and Barbuda,ATG,2014,4.686800003051758
Antigua and Barbuda,ATG,2015,4.508500099182129
Antigua and Barbuda,ATG,2016,4.486800193786621
Antigua and Barbuda,ATG,2017,4.4969000816345215
Antigua and Barbuda,ATG,2018,4.517099857330322
Argentina,ARG,1992,2.0578999519348145
Argentina,ARG,1994,2.1510000228881836
Argentina,ARG,2016,2.5820999145507812
Argentina,ARG,2017,2.599600076675415
Armenia,ARM,2000,5.908899784088135
Armenia,ARM,2001,5.451900005340576
Armenia,ARM,2002,5.129499912261963
Armenia,ARM,2003,4.938199996948242
Armenia,ARM,2004,4.860899925231934
Armenia,ARM,2005,4.988399982452393
Armenia,ARM,2006,5.111700057983398
Armenia,ARM,2007,5.141900062561035
Armenia,ARM,2008,5.1981000900268555
Armenia,ARM,2009,5.179900169372559
Armenia,ARM,2010,5.23960018157959
Armenia,ARM,2011,5.298799991607666
Armenia,ARM,2012,5.28879976272583
Armenia,ARM,2013,5.200900077819824
Armenia,ARM,2014,5.155200004577637
Armenia,ARM,2015,4.953499794006348
Armenia,ARM,2016,4.521299839019775
Armenia,ARM,2017,4.851600170135498
Armenia,ARM,2018,4.368299961090088
Australia,AUS,2000,10.0871000289917
Australia,AUS,2001,10.595600128173828
Australia,AUS,2002,9.991700172424316
Australia,AUS,2003,9.98639965057373
Australia,AUS,2004,10.23740005493164
Australia,AUS,2005,9.762800216674805
Australia,AUS,2007,10.158599853515625
Australia,AUS,2008,10.262700080871582
Australia,AUS,2009,10.749600410461426
Australia,AUS,2010,10.401700019836426
Australia,AUS,2011,10.812399864196777
Australia,AUS,2012,10.14330005645752
Australia,AUS,2013,11.939800262451172
Australia,AUS,2014,12.110699653625488
Australia,AUS,2015,12.201600074768066
Australia,AUS,2016,12.40530014038086
Australia,AUS,2017,14.541299819946289
Australia,AUS,2018,12.813400268554688
Australia,AUS,2019,13.241600036621094
Austria,AUT,1990,4.024700164794922
Austria,AUT,1991,4.156199932098389
Austria,AUT,1992,4.35099983215332
Austria,AUT,1993,4.602499961853027
Austria,AUT,1994,4.91510009765625
Austria,AUT,1995,5.101900100708008
Austria,AUT,1996,5.209199905395508
Austria,AUT,1997,5.3302998542785645
Austria,AUT,1998,5.415599822998047
Austria,AUT,1999,5.568399906158447
Austria,AUT,2000,5.694200038909912
Austria,AUT,2001,5.741700172424316
Austria,AUT,2002,5.8429999351501465
Austria,AUT,2003,5.848700046539307
Austria,AUT,2004,6.096399784088135
Austria,AUT,2005,6.178899765014648
Austria,AUT,2006,6.3420000076293945
Austria,AUT,2007,6.412199974060059
Austria,AUT,2008,6.562600135803223
Austria,AUT,2009,6.673399925231934
Austria,AUT,2010,6.721099853515625
Austria,AUT,2011,6.80649995803833
Austria,AUT,2012,6.828800201416016
Austria,AUT,2013,6.874000072479248
Austria,AUT,2014,6.9807000160217285
Austria,AUT,2015,7.013800144195557
Austria,AUT,2016,7.0183000564575195
Austria,AUT,2017,7.089900016784668
Austria,AUT,2018,7.089099884033203
Azerbaijan,AZE,1990,11.177000045776367
Azerbaijan,AZE,1991,11.28279972076416
Azerbaijan,AZE,1992,10.864299774169922
Azerbaijan,AZE,1993,10.910699844360352
Azerbaijan,AZE,1994,10.542099952697754
Azerbaijan,AZE,1995,10.152799606323242
Azerbaijan,AZE,1996,9.866000175476074
Azerbaijan,AZE,1997,9.412500381469727
Azerbaijan,AZE,1998,8.980999946594238
Azerbaijan,AZE,1999,8.879599571228027
Azerbaijan,AZE,2000,8.661199569702148
Azerbaijan,AZE,2001,8.55090045928955
Azerbaijan,AZE,2002,8.352399826049805
Azerbaijan,AZE,2003,8.292200088500977
Azerbaijan,AZE,2004,8.19159984588623
Azerbaijan,AZE,2005,8.242199897766113
Azerbaijan,AZE,2006,8.257599830627441
Azerbaijan,AZE,2007,8.233799934387207
Azerbaijan,AZE,2008,8.160799980163574
Azerbaijan,AZE,2009,8.10770034790039
Azerbaijan,AZE,2010,7.35129976272583
Azerbaijan,AZE,2011,6.959400177001953
Azerbaijan,AZE,2012,6.80019998550415
Azerbaijan,AZE,2013,7.263000011444092
Azerbaijan,AZE,2014,6.433800220489502
Bahamas,BHS,1998,4.552599906921387
Bahamas,BHS,2008,4.047100067138672
Bahamas,BHS,2011,4.054500102996826
Bahamas,BHS,2018,4.56689977645874
Bahrain,BHR,2000,2.9807000160217285
Bahrain,BHR,2001,3.1048998832702637
Bahrain,BHR,2002,2.8717000484466553
Bahrain,BHR,2003,2.825200080871582
Bahrain,BHR,2005,2.6867001056671143
Bahrain,BHR,2006,2.718100070953369
Bahrain,BHR,2008,2.5624001026153564
Bahrain,BHR,2009,2.5230000019073486
Bahrain,BHR,2010,2.4595000743865967
Bahrain,BHR,2011,2.497299909591675
Bahrain,BHR,2012,2.4802000522613525
Bahrain,BHR,2013,2.504199981689453
Bahrain,BHR,2014,2.492300033569336
Bahrain,BHR,2015,2.4944000244140625
Bangladesh,BGD,2003,0.2754000127315521
Bangladesh,BGD,2005,0.2838999927043915
Bangladesh,BGD,2006,0.2840999960899353
Bangladesh,BGD,2007,0.16249999403953552
Bangladesh,BGD,2008,0.1623000055551529
Bangladesh,BGD,2009,0.17139999568462372
Bangladesh,BGD,2010,0.18299999833106995
Bangladesh,BGD,2011,0.1932000070810318
Bangladesh,BGD,2012,0.20669999718666077
Bangladesh,BGD,2013,0.20999999344348907
Bangladesh,BGD,2014,0.25600001215934753
Bangladesh,BGD,2015,0.2750000059604645
Bangladesh,BGD,2016,0.2639000117778778
Bangladesh,BGD,2017,0.31630000472068787
Bangladesh,BGD,2018,0.4122999906539917
Bangladesh,BGD,2019,0.39160001277923584
Barbados,BRB,1995,5.112800121307373
Barbados,BRB,2000,5.826900005340576
Barbados,BRB,2001,5.7982001304626465
Barbados,BRB,2005,4.744800090789795
Barbados,BRB,2018,3.059999942779541
Belarus,BLR,1990,7.522299766540527
Belarus,BLR,1991,7.1493000984191895
Belarus,BLR,1992,7.386099815368652
Belarus,BLR,1993,7.752999782562256
Belarus,BLR,1994,7.459499835968018
Belarus,BLR,1995,7.88040018081665
Belarus,BLR,1996,7.952099800109863
Belarus,BLR,1997,8.039799690246582
Belarus,BLR,1998,9.42300033569336
Belarus,BLR,1999,9.649900436401367
Belarus,BLR,2000,9.664799690246582
Belarus,BLR,2001,9.777600288391113
Belarus,BLR,2002,9.8951997756958
Belarus,BLR,2003,9.784600257873535
Belarus,BLR,2004,9.929100036621094
Belarus,BLR,2005,10.041600227355957
Belarus,BLR,2006,10.087699890136719
Belarus,BLR,2007,10.101200103759766
Belarus,BLR,2008,10.369099617004395
Belarus,BLR,2009,10.501399993896484
Belarus,BLR,2010,10.614500045776367
Belarus,BLR,2011,10.603799819946289
Belarus,BLR,2012,10.915399551391602
Belarus,BLR,2013,10.853400230407715
Belarus,BLR,2014,10.9822998046875
Belarus,BLR,2015,11.002699851989746
Belgium,BEL,2003,5.828999996185303
Belgium,BEL,2004,9.180999755859375
Belgium,BEL,2005,9.404600143432617
Belgium,BEL,2006,9.532400131225586
Belgium,BEL,2007,9.653599739074707
Belgium,BEL,2008,9.755200386047363
Belgium,BEL,2009,9.881799697875977
Belgium,BEL,2010,10.093099594116211
Belgium,BEL,2011,10.39009952545166
Belgium,BEL,2012,10.62600040435791
Belgium,BEL,2013,10.90820026397705
Belgium,BEL,2014,11.191399574279785
Belgium,BEL,2015,11.807999610900879
Belize,BLZ,2000,1.2252000570297241
Belize,BLZ,2009,1.8112000226974487
Belize,BLZ,2012,1.103600025177002
Belize,BLZ,2013,1.9555000066757202
Belize,BLZ,2014,2.023200035095215
Belize,BLZ,2015,2.0947999954223633
Belize,BLZ,2016,2.144399881362915
Belize,BLZ,2017,2.392199993133545
Belize,BLZ,2018,2.341399908065796
Benin,BEN,2004,0.746999979019165
Benin,BEN,2008,0.8197000026702881
Benin,BEN,2010,0.4519999921321869
Benin,BEN,2011,0.424699991941452
Benin,BEN,2012,0.6801999807357788
Benin,BEN,2013,0.5820000171661377
Benin,BEN,2016,0.7595999836921692
Benin,BEN,2018,0.3887999951839447
Benin,BEN,2019,0.3028999865055084
Bhutan,BTN,2004,0.8062000274658203
Bhutan,BTN,2007,0.8197000026702881
Bhutan,BTN,2008,0.9916999936103821
Bhutan,BTN,2012,1.0490000247955322
Bhutan,BTN,2013,1.125
Bhutan,BTN,2014,1.3308000564575195
Bhutan,BTN,2015,1.4700000286102295
Bhutan,BTN,2016,1.5325000286102295
Bhutan,BTN,2017,1.6348999738693237
Bhutan,BTN,2018,1.8517999649047852
Bhutan,BTN,2019,1.8293999433517456
Bolivia,BOL,2001,2.1085000038146973
Bolivia,BOL,2007,0.6083999872207642
Bolivia,BOL,2010,0.8325999975204468
Bolivia,BOL,2011,0.9927999973297119
Bolivia,BOL,2013,0.6960999965667725
Bolivia,BOL,2015,1.1914000511169434
Bolivia,BOL,2016,1.117900013923645
Bolivia,BOL,2017,1.558899998664856
Bosnia and Herzegovina,BIH,1990,5.045000076293945
Bosnia and Herzegovina,BIH,1991,5.021599769592285
Bosnia and Herzegovina,BIH,1999,4.514100074768066
Bosnia and Herzegovina,BIH,2000,4.468699932098389
Bosnia and Herzegovina,BIH,2001,4.3968000411987305
Bosnia and Herzegovina,BIH,2002,4.466400146484375
Bosnia and Herzegovina,BIH,2003,4.834099769592285
Bosnia and Herzegovina,BIH,2004,4.809299945831299
Bosnia and Herzegovina,BIH,2005,4.86870002746582
Bosnia and Herzegovina,BIH,2006,4.9394001960754395
Bosnia and Herzegovina,BIH,2007,5.02209997177124
Bosnia and Herzegovina,BIH,2008,5.189799785614014
Bosnia and Herzegovina,BIH,2009,5.309599876403809
Bosnia and Herzegovina,BIH,2010,5.486700057983398
Bosnia and Herzegovina,BIH,2011,5.608500003814697
Bosnia and Herzegovina,BIH,2012,5.892099857330322
Bosnia and Herzegovina,BIH,2013,5.9004998207092285
Bosnia and Herzegovina,BIH,2014,6.131899833679199
Bosnia and Herzegovina,BIH,2015,6.179800033569336
Bosnia and Herzegovina,BIH,2016,5.472599983215332
Bosnia and Herzegovina,BIH,2017,5.564700126647949
Bosnia and Herzegovina,BIH,2018,5.73330020904541
Botswana,BWA,1998,2.7065999507904053
Botswana,BWA,1999,3.0999999046325684
Botswana,BWA,2000,2.628200054168701
Botswana,BWA,2001,2.3849000930786133
Botswana,BWA,2002,2.4321999549865723
Botswana,BWA,2003,2.565700054168701
Botswana,BWA,2004,2.692199945449829
Botswana,BWA,2005,2.4835000038146973
Botswana,BWA,2006,2.7267000675201416
Botswana,BWA,2007,3.0738000869750977
Botswana,BWA,2008,2.9316999912261963
Botswana,BWA,2009,2.9772000312805176
Botswana,BWA,2010,2.9268999099731445
Botswana,BWA,2011,2.8857998847961426
Botswana,BWA,2012,2.8515000343322754
Brazil,BRA,1990,0.9495000243186951
Brazil,BRA,1992,1.1450999975204468
Brazil,BRA,1993,1.26419997215271
Brazil,BRA,1994,1.416599988937378
Brazil,BRA,1995,1.576200008392334
Brazil,BRA,1996,1.8444000482559204
Brazil,BRA,1997,2.055500030517578
Brazil,BRA,1998,2.274399995803833
Brazil,BRA,1999,2.541800022125244
Brazil,BRA,2000,3.770900011062622
Brazil,BRA,2001,2.9897000789642334
Brazil,BRA,2002,3.377000093460083
Brazil,BRA,2003,3.659600019454956
Brazil,BRA,2004,3.728600025177002
Brazil,BRA,2013,7.563499927520752
Brazil,BRA,2014,8.788000106811523
Brazil,BRA,2015,9.108099937438965
Brazil,BRA,2016,9.35099983215332
Brazil,BRA,2017,9.737000465393066
Brazil,BRA,2018,10.119000434875488
Brazil,BRA,2019,7.4008002281188965
Brunei,BRN,2000,3.8896000385284424
Brunei,BRN,2002,6.11299991607666
Brunei,BRN,2004,5.356100082397461
Brunei,BRN,2005,5.4944000244140625
Brunei,BRN,2006,5.320000171661377
Brunei,BRN,2007,5.1066999435424805
Brunei,BRN,2008,5.116000175476074
Brunei,BRN,2009,5.121099948883057
Brunei,BRN,2014,6.29580020904541
Brunei,BRN,2015,6.642600059509277
Brunei,BRN,2016,6.472099781036377
Brunei,BRN,2017,6.098899841308594
Brunei,BRN,2018,5.89739990234375
Bulgaria,BGR,1990,6.939300060272217
Bulgaria,BGR,1991,6.585100173950195
Bulgaria,BGR,1992,6.598499774932861
Bulgaria,BGR,1993,6.872799873352051
Bulgaria,BGR,1994,6.783999919891357
Bulgaria,BGR,1995,6.884500026702881
Bulgaria,BGR,1996,6.955399990081787
Bulgaria,BGR,1997,6.497600078582764
Bulgaria,BGR,1998,6.533699989318848
Bulgaria,BGR,1999,6.290599822998047
Bulgaria,BGR,2000,4.452400207519531
Bulgaria,BGR,2001,4.197199821472168
Bulgaria,BGR,2002,4.060500144958496
Bulgaria,BGR,2003,4.242000102996826
Bulgaria,BGR,2004,4.285099983215332
Bulgaria,BGR,2005,4.512800216674805
Bulgaria,BGR,2006,4.590199947357178
Bulgaria,BGR,2007,4.704599857330322
Bulgaria,BGR,2008,4.738100051879883
Bulgaria,BGR,2009,4.716700077056885
Bulgaria,BGR,2010,4.718200206756592
Bulgaria,BGR,2011,4.7270002365112305
Bulgaria,BGR,2012,4.820000171661377
Bulgaria,BGR,2013,4.901299953460693
Bulgaria,BGR,2014,4.855400085449219
Bulgaria,BGR,2015,4.8155999183654785
Bulgaria,BGR,2016,4.331399917602539
Bulgaria,BGR,2017,4.358500003814697
Bulgaria,BGR,2018,4.785299777984619
Burkina Faso,BFA,2004,0.5031999945640564
Burkina Faso,BFA,2008,0.37049999833106995
Burkina Faso,BFA,2009,0.40450000762939453
Burkina Faso,BFA,2010,0.5540000200271606
Burkina Faso,BFA,2011,0.4564000070095062
Burkina Faso,BFA,2012,0.6312000155448914
Burkina Faso,BFA,2013,0.4560999870300293
Burkina Faso,BFA,2014,0.46070000529289246
Burkina Faso,BFA,2015,0.6697999835014343
Burkina Faso,BFA,2016,0.6585999727249146
Burkina Faso,BFA,2017,0.8828999996185303
Burkina Faso,BFA,2019,0.9272000193595886
Burundi,BDI,2004,0.1889999955892563
Burundi,BDI,2010,0.6884999871253967
Burundi,BDI,2011,0.666700005531311
Burundi,BDI,2012,0.7031999826431274
Burundi,BDI,2013,0.6926000118255615
Burundi,BDI,2014,0.6951000094413757
Burundi,BDI,2015,0.6660000085830688
Burundi,BDI,2017,0.8525999784469604
Burundi,BDI,2019,0.6628000140190125
Cambodia,KHM,1996,1.058899998664856
Cambodia,KHM,1998,1.007599949836731
Cambodia,KHM,2000,0.9151999950408936
Cambodia,KHM,2008,0.845300018787384
Cambodia,KHM,2009,0.8543999791145325
Cambodia,KHM,2010,0.8560000061988831
Cambodia,KHM,2011,0.8733000159263611
Cambodia,KHM,2012,0.9229999780654907
Cambodia,KHM,2013,1.2941999435424805
Cambodia,KHM,2014,0.9621999859809875
Cambodia,KHM,2015,0.5889000296592712
Cambodia,KHM,2016,0.7195000052452087
Cambodia,KHM,2017,0.7006999850273132
Cambodia,KHM,2018,0.6855000257492065
Cambodia,KHM,2019,1.007599949836731
Cameroon,CMR,2005,0.3781000077724457
Cameroon,CMR,2007,0.4392000138759613
Cameroon,CMR,2009,0.38530001044273376
Cameroon,CMR,2010,0.5267000198364258
Canada,CAN,1998,10.184599876403809
Canada,CAN,2001,10.011500358581543
Canada,CAN,2002,9.47070026397705
Canada,CAN,2004,9.906700134277344
Canada,CAN,2005,9.946700096130371
Canada,CAN,2006,10.023599624633789
Canada,CAN,2007,10.120800018310547
Canada,CAN,2008,10.288999557495117
Canada,CAN,2009,10.374300003051758
Canada,CAN,2010,9.3233003616333
Canada,CAN,2011,9.236800193786621
Canada,CAN,2012,9.347299575805664
Canada,CAN,2013,9.478799819946289
Canada,CAN,2014,9.7475004196167
Canada,CAN,2015,9.81879997253418
Canada,CAN,2016,9.919400215148926
Canada,CAN,2017,9.94909954071045
Canada,CAN,2018,9.98740005493164
Canada,CAN,2019,11.812000274658203
Cape Verde,CPV,2004,0.8740000128746033
Cape Verde,CPV,2009,1.0190999507904053
Cape Verde,CPV,2010,1.1023000478744507
Cape Verde,CPV,2011,1.0884000062942505
Cape Verde,CPV,2012,1.0907000303268433
Cape Verde,CPV,2013,0.7875999808311462
Cape Verde,CPV,2014,0.91839998960495
Cape Verde,CPV,2015,0.9491000175476074
Cape Verde,CPV,2016,1.1523000001907349
Cape Verde,CPV,2017,1.2799999713897705
Cape Verde,CPV,2018,1.29830002784729
Central African Republic,CAF,2004,0.4072999954223633
Central African Republic,CAF,2008,0.19539999961853027
Central African Republic,CAF,2009,0.25290000438690186
Central African Republic,CAF,2013,0.11559999734163284
Central African Republic,CAF,2015,0.20630000531673431
Chad,TCD,1997,0.04780000075697899
Chad,TCD,1998,0.05609999969601631
Chad,TCD,1999,0.05959999933838844
Chad,TCD,2000,0.12460000067949295
Chad,TCD,2004,0.2567000091075897
Chad,TCD,2006,0.18080000579357147
Chad,TCD,2012,0.2782000005245209
Chad,TCD,2013,0.3382999897003174
Chad,TCD,2014,0.2639000117778778
Chad,TCD,2015,0.2524999976158142
Chad,TCD,2016,0.21330000460147858
Chad,TCD,2017,0.2321999967098236
Chad,TCD,2019,0.13770000636577606
Chile,CHL,2014,9.230500221252441
Chile,CHL,2015,10.97760009765625
Chile,CHL,2016,11.24470043182373
Chile,CHL,2017,12.137200355529785
Chile,CHL,2018,13.324799537658691
China,CHN,1990,0.8238000273704529
China,CHN,1995,0.902400016784668
China,CHN,1996,0.9240000247955322
China,CHN,1997,0.9445000290870667
China,CHN,1998,0.9531000256538391
China,CHN,1999,0.9661999940872192
China,CHN,2000,0.9763000011444092
China,CHN,2002,0.9483000040054321
China,CHN,2003,0.9573000073432922
China,CHN,2004,0.9836000204086304
China,CHN,2013,1.9886000156402588
China,CHN,2014,2.1349000930786133
China,CHN,2015,2.2913999557495117
China,CHN,2016,2.4665000438690186
China,CHN,2017,2.662100076675415
Colombia,COL,1990,0.4235000014305115
Colombia,COL,1991,0.4352000057697296
Colombia,COL,1992,0.4458000063896179
Colombia,COL,1993,0.4560999870300293
Colombia,COL,1994,0.46810001134872437
Colombia,COL,1995,0.47940000891685486
Colombia,COL,1996,0.4903999865055084
Colombia,COL,1997,0.4984000027179718
Colombia,COL,1998,0.5210999846458435
Colombia,COL,1999,0.5370000004768372
Colombia,COL,2001,0.5613999962806702
Colombia,COL,2002,0.5856999754905701
Colombia,COL,2003,0.5834000110626221
Colombia,COL,2004,0.5946000218391418
Comoros,COM,2004,0.9846000075340271
Comoros,COM,2005,0.5625
Comoros,COM,2009,0.7024999856948853
Comoros,COM,2012,0.9214000105857849
Comoros,COM,2013,0.3977999985218048
Comoros,COM,2016,0.6284999847412109
Congo,COG,2004,1.0460000038146973
Congo,COG,2006,1.4020999670028687
Congo,COG,2007,0.9009000062942505
Congo,COG,2010,0.43689998984336853
Congo,COG,2011,1.7898000478744507
Congo,COG,2013,0.9887999892234802
Congo,COG,2014,0.7300000190734863
Congo,COG,2015,0.7932000160217285
Congo,COG,2016,0.9311000108718872
Costa Rica,CRI,2013,2.166599988937378
Costa Rica,CRI,2014,2.3940000534057617
Costa Rica,CRI,2015,2.6577000617980957
Costa Rica,CRI,2016,3.0053000450134277
Costa Rica,CRI,2017,3.179800033569336
Costa Rica,CRI,2018,3.414400100708008
Cote d'Ivoire,CIV,2004,0.5665000081062317
Cote d'Ivoire,CIV,2005,0.48969998955726624
Cote d'Ivoire,CIV,2008,0.4708000123500824
Cote d'Ivoire,CIV,2011,0.461899995803833
Cote d'Ivoire,CIV,2013,0.5719000101089478
Cote d'Ivoire,CIV,2014,0.6255999803543091
Cote d'Ivoire,CIV,2015,0.46889999508857727
Cote d'Ivoire,CIV,2016,0.5092999935150146
Cote d'Ivoire,CIV,2017,0.5558000206947327
Cote d'Ivoire,CIV,2018,0.6047999858856201
Cote d'Ivoire,CIV,2019,0.6556000113487244
Croatia,HRV,1990,5.056700229644775
Croatia,HRV,1991,4.572700023651123
Croatia,HRV,1992,4.7083001136779785
Croatia,HRV,1993,4.6331000328063965
Croatia,HRV,1994,4.5304999351501465
Croatia,HRV,1995,4.174300193786621
Croatia,HRV,1996,4.34499979019165
Croatia,HRV,1997,4.5960001945495605
Croatia,HRV,1998,4.751399993896484
Croatia,HRV,1999,4.871200084686279
Croatia,HRV,2000,5.003699779510498
Croatia,HRV,2001,5.032800197601318
Croatia,HRV,2002,5.070099830627441
Croatia,HRV,2003,5.097400188446045
Croatia,HRV,2004,5.2006001472473145
Croatia,HRV,2005,5.247499942779541
Croatia,HRV,2006,5.343400001525879
Croatia,HRV,2007,5.467599868774414
Croatia,HRV,2008,5.682600021362305
Croatia,HRV,2009,5.5746002197265625
Croatia,HRV,2010,5.776100158691406
Croatia,HRV,2011,5.908699989318848
Croatia,HRV,2012,6.021599769592285
Croatia,HRV,2013,6.176199913024902
Croatia,HRV,2014,6.14169979095459
Croatia,HRV,2015,6.191999912261963
Cuba,CUB,2002,7.489500045776367
Cuba,CUB,2007,8.692500114440918
Cuba,CUB,2010,9.17650032043457
Cuba,CUB,2012,8.184300422668457
Cuba,CUB,2013,8.097700119018555
Cuba,CUB,2016,7.858099937438965
Cuba,CUB,2017,7.728600025177002
Cuba,CUB,2018,7.561399936676025
Cyprus,CYP,1990,3.2325000762939453
Cyprus,CYP,1991,3.161799907684326
Cyprus,CYP,1992,3.152600049972534
Cyprus,CYP,1993,3.241300106048584
Cyprus,CYP,1994,3.256500005722046
Cyprus,CYP,1995,3.2978999614715576
Cyprus,CYP,1996,3.2630999088287354
Cyprus,CYP,1997,3.255199909210205
Cyprus,CYP,1998,3.232100009918213
Cyprus,CYP,1999,3.185699939727783
Cyprus,CYP,2000,3.1071999073028564
Cyprus,CYP,2001,3.0855000019073486
Cyprus,CYP,2002,3.064500093460083
Cyprus,CYP,2003,3.0887999534606934
Cyprus,CYP,2004,3.213599920272827
Cyprus,CYP,2005,3.0125999450683594
Cyprus,CYP,2006,3.325700044631958
Cyprus,CYP,2007,3.375
Cyprus,CYP,2008,3.2997000217437744
Cyprus,CYP,2009,3.465100049972534
Cyprus,CYP,2010,3.546600103378296
Cyprus,CYP,2011,3.6877999305725098
Cyprus,CYP,2012,3.6175999641418457
Cyprus,CYP,2013,3.864799976348877
Cyprus,CYP,2014,3.9130001068115234
Cyprus,CYP,2015,4.0345001220703125
Czechia,CZE,1990,7.771399974822998
Czechia,CZE,1991,7.716700077056885
Czechia,CZE,1992,7.753399848937988
Czechia,CZE,1993,7.719200134277344
Czechia,CZE,1994,7.71560001373291
Czechia,CZE,1995,7.874100208282471
Czechia,CZE,1996,7.820400238037109
Czechia,CZE,1997,7.7846999168396
Czechia,CZE,1998,7.770500183105469
Czechia,CZE,1999,7.811999797821045
Czechia,CZE,2000,8.039199829101562
Czechia,CZE,2001,8.285599708557129
Czechia,CZE,2002,8.431300163269043
Czechia,CZE,2003,8.414400100708008
Czechia,CZE,2004,8.504599571228027
Czechia,CZE,2005,8.496000289916992
Czechia,CZE,2006,8.4375
Czechia,CZE,2007,8.398599624633789
Czechia,CZE,2008,8.351799964904785
Czechia,CZE,2009,8.473699569702148
Czechia,CZE,2010,8.468899726867676
Czechia,CZE,2011,8.404600143432617
Czechia,CZE,2012,8.426400184631348
Czechia,CZE,2013,8.35260009765625
Czechia,CZE,2014,8.288299560546875
Czechia,CZE,2015,8.371000289916992
Czechia,CZE,2018,8.424599647521973
Democratic Republic of Congo,COD,2004,0.5289999842643738
Democratic Republic of Congo,COD,2013,0.8600000143051147
Democratic Republic of Congo,COD,2015,0.9478999972343445
Democratic Republic of Congo,COD,2017,0.8974000215530396
Democratic Republic of Congo,COD,2018,1.1101000308990479
Denmark,DNK,1992,8.899200439453125
Denmark,DNK,1993,8.97700023651123
Denmark,DNK,1994,8.912400245666504
Denmark,DNK,1995,8.949899673461914
Denmark,DNK,1996,9.042799949645996
Denmark,DNK,1997,9.291199684143066
Denmark,DNK,1998,9.400199890136719
Denmark,DNK,1999,9.357500076293945
Denmark,DNK,2000,9.540599822998047
Denmark,DNK,2001,9.57800006866455
Denmark,DNK,2002,9.693099975585938
Denmark,DNK,2003,9.534199714660645
Denmark,DNK,2004,9.68910026550293
Denmark,DNK,2005,9.827899932861328
Denmark,DNK,2006,9.790399551391602
Denmark,DNK,2007,9.540599822998047
Denmark,DNK,2008,9.816699981689453
Denmark,DNK,2009,10.074399948120117
Denmark,DNK,2010,10.097800254821777
Denmark,DNK,2011,10.143699645996094
Denmark,DNK,2012,10.229599952697754
Denmark,DNK,2013,10.2322998046875
Denmark,DNK,2014,10.221599578857422
Denmark,DNK,2015,10.241399765014648
Denmark,DNK,2016,10.319499969482422
Denmark,DNK,2017,10.438899993896484
Denmark,DNK,2018,10.55150032043457
Djibouti,DJI,1999,0.7042999863624573
Djibouti,DJI,2002,0.7364000082015991
Djibouti,DJI,2004,0.38359999656677246
Djibouti,DJI,2005,0.5745999813079834
Djibouti,DJI,2014,0.7287999987602234
Dominica,DMA,1997,4.490099906921387
Dominica,DMA,2001,6.28410005569458
Dominica,DMA,2013,6.605599880218506
Dominica,DMA,2014,6.765100002288818
Dominica,DMA,2015,6.699399948120117
Dominica,DMA,2016,6.690000057220459
Dominica,DMA,2017,6.097899913787842
Dominican Republic,DOM,2000,1.8121999502182007
Dominican Republic,DOM,2009,1.3246999979019165
Dominican Republic,DOM,2011,1.3629000186920166
Dominican Republic,DOM,2013,1.4352999925613403
Dominican Republic,DOM,2014,1.4496999979019165
Dominican Republic,DOM,2015,1.454699993133545
Dominican Republic,DOM,2016,1.2069000005722046
Dominican Republic,DOM,2017,1.169700026512146
Dominican Republic,DOM,2018,1.3731000423431396
Dominican Republic,DOM,2019,1.4594000577926636
East Asia and Pacific,,1990,1.2534395456314087
East Asia and Pacific,,2000,1.8788219690322876
East Asia and Pacific,,2017,3.6608827114105225
Ecuador,ECU,1990,1.5983999967575073
Ecuador,ECU,1991,1.6651999950408936
Ecuador,ECU,1992,1.6878000497817993
Ecuador,ECU,1993,1.4427000284194946
Ecuador,ECU,1994,1.6389000415802002
Ecuador,ECU,1995,1.603600025177002
Ecuador,ECU,1996,1.6993999481201172
Ecuador,ECU,1997,1.7069000005722046
Ecuador,ECU,1998,1.6330000162124634
Ecuador,ECU,1999,1.652999997138977
Ecuador,ECU,2000,1.6233999729156494
Ecuador,ECU,2001,1.5831999778747559
Ecuador,ECU,2002,1.6273000240325928
Ecuador,ECU,2003,1.5236999988555908
Ecuador,ECU,2009,1.8791999816894531
Ecuador,ECU,2010,1.6593999862670898
Ecuador,ECU,2011,2.0752999782562256
Ecuador,ECU,2013,1.9460999965667725
Ecuador,ECU,2014,2.19320011138916
Ecuador,ECU,2015,2.512399911880493
Ecuador,ECU,2016,2.8540000915527344
Ecuador,ECU,2017,2.8264999389648438
Ecuador,ECU,2018,2.5058999061584473
Egypt,EGY,2004,1.978700041770935
Egypt,EGY,2006,2.336199998855591
Egypt,EGY,2013,1.9744000434875488
Egypt,EGY,2014,1.9549000263214111
Egypt,EGY,2015,1.9412000179290771
Egypt,EGY,2016,1.9251999855041504
Egypt,EGY,2017,1.9270999431610107
Egypt,EGY,2018,1.926200032234192
El Salvador,SLV,1999,0.6754999756813049
El Salvador,SLV,2002,0.859000027179718
El Salvador,SLV,2005,0.3456999957561493
El Salvador,SLV,2007,1.3675999641418457
El Salvador,SLV,2013,1.774899959564209
El Salvador,SLV,2014,1.7590999603271484
El Salvador,SLV,2015,1.7582000494003296
El Salvador,SLV,2016,1.8039000034332275
El Salvador,SLV,2017,1.837499976158142
El Salvador,SLV,2018,1.8344000577926636
Equatorial Guinea,GNQ,2004,0.3779999911785126
Equatorial Guinea,GNQ,2017,0.5023999810218811
Eritrea,ERI,2004,0.9210000038146973
Eritrea,ERI,2013,1.298799991607666
Eritrea,ERI,2014,1.2477999925613403
Eritrea,ERI,2015,1.1851999759674072
Eritrea,ERI,2016,1.4392999410629272
Eritrea,ERI,2017,1.32669997215271
Eritrea,ERI,2018,1.4397000074386597
Estonia,EST,1990,8.823200225830078
Estonia,EST,1991,7.187699794769287
Estonia,EST,1992,7.031199932098389
Estonia,EST,1993,7.035799980163574
Estonia,EST,1994,6.947999954223633
Estonia,EST,1995,6.9421000480651855
Estonia,EST,1996,6.7129998207092285
Estonia,EST,1997,6.5289998054504395
Estonia,EST,1998,6.438399791717529
Estonia,EST,1999,6.330699920654297
Estonia,EST,2001,6.109799861907959
Estonia,EST,2002,6.303599834442139
Estonia,EST,2003,6.4207000732421875
Estonia,EST,2004,6.537799835205078
Estonia,EST,2005,6.575900077819824
Estonia,EST,2006,6.5991997718811035
Estonia,EST,2007,6.683800220489502
Estonia,EST,2008,6.700200080871582
Estonia,EST,2009,6.440400123596191
Estonia,EST,2010,6.398900032043457
Estonia,EST,2011,6.525599956512451
Estonia,EST,2012,6.457799911499023
Estonia,EST,2013,5.957900047302246
Estonia,EST,2014,6.072299957275391
Estonia,EST,2015,6.352200031280518
Estonia,EST,2016,6.433000087738037
Estonia,EST,2017,6.527200222015381
Estonia,EST,2018,6.6315999031066895
Eswatini,SWZ,2000,3.3269999027252197
Eswatini,SWZ,2013,3.4367001056671143
Eswatini,SWZ,2014,3.513200044631958
Eswatini,SWZ,2015,3.6013998985290527
Eswatini,SWZ,2016,3.77020001411438
Eswatini,SWZ,2017,3.9393999576568604
Eswatini,SWZ,2018,4.141499996185303
Ethiopia,ETH,2003,0.21539999544620514
Ethiopia,ETH,2004,0.2093999981880188
Ethiopia,ETH,2005,0.24639999866485596
Ethiopia,ETH,2006,0.227400004863739
Ethiopia,ETH,2007,0.2249000072479248
Ethiopia,ETH,2008,0.2021999955177307
Ethiopia,ETH,2009,0.25209999084472656
Ethiopia,ETH,2017,0.8285999894142151
Ethiopia,ETH,2018,0.7135000228881836
Europe and Central Asia,,2000,7.207368850708008
Europe and Central Asia,,2010,7.970536708831787
Europe and Central Asia,,2017,7.759526252746582
European Union,,2000,7.327899932861328
European Union,,2010,8.414823532104492
European Union,,2017,9.085972785949707
Fiji,FJI,1999,1.9545999765396118
Fiji,FJI,2003,2.03410005569458
Fiji,FJI,2008,2.1101999282836914
Fiji,FJI,2009,2.29259991645813
Fiji,FJI,2013,2.9031999111175537
Fiji,FJI,2015,3.0174999237060547
Fiji,FJI,2018,3.375200033187866
Fiji,FJI,2019,3.9595999717712402
Finland,FIN,1999,15.02079963684082
Finland,FIN,2000,14.929100036621094
Finland,FIN,2001,14.701499938964844
Finland,FIN,2002,15.038599967956543
Finland,FIN,2003,14.98840045928955
Finland,FIN,2004,16.479700088500977
Finland,FIN,2005,17.130599975585938
Finland,FIN,2006,17.911300659179688
Finland,FIN,2007,18.3080997467041
Finland,FIN,2008,17.856199264526367
Finland,FIN,2009,18.457599639892578
Finland,FIN,2010,19.36639976501465
Finland,FIN,2011,19.606300354003906
Finland,FIN,2012,19.515199661254883
Finland,FIN,2013,18.983600616455078
Finland,FIN,2014,18.70509910583496
Finland,FIN,2015,14.118200302124023
Finland,FIN,2016,14.567700386047363
Finland,FIN,2017,14.877300262451172
France,FRA,2000,7.113900184631348
France,FRA,2001,7.312699794769287
France,FRA,2002,7.48859977722168
France,FRA,2003,7.682199954986572
France,FRA,2004,7.886899948120117
France,FRA,2005,8.1181001663208
France,FRA,2006,8.31980037689209
France,FRA,2007,8.18529987335205
France,FRA,2008,8.474100112915039
France,FRA,2009,8.768799781799316
France,FRA,2010,9.012399673461914
France,FRA,2011,9.28600025177002
France,FRA,2012,9.687999725341797
France,FRA,2013,9.98169994354248
France,FRA,2014,10.279199600219727
France,FRA,2015,10.595199584960938
France,FRA,2016,10.889800071716309
France,FRA,2017,11.161999702453613
France,FRA,2018,11.47070026397705
Gabon,GAB,2004,5.0065999031066895
Gabon,GAB,2016,2.5443999767303467
Gabon,GAB,2017,2.946000099182129
Gambia,GMB,2003,1.2972999811172485
Gambia,GMB,2004,0.4643999934196472
Gambia,GMB,2005,0.4742000102996826
Gambia,GMB,2006,0.4731999933719635
Gambia,GMB,2007,0.7702000141143799
Gambia,GMB,2008,0.8353000283241272
Gambia,GMB,2017,0.6996999979019165
Gambia,GMB,2019,0.6061000227928162
Georgia,GEO,1996,4.651100158691406
Georgia,GEO,1997,4.860499858856201
Georgia,GEO,1998,4.9257001876831055
Georgia,GEO,1999,4.999899864196777
Georgia,GEO,2000,4.701300144195557
Georgia,GEO,2001,4.307400226593018
Georgia,GEO,2002,4.263800144195557
Georgia,GEO,2003,4.232900142669678
Georgia,GEO,2004,4.164899826049805
Georgia,GEO,2005,4.14139986038208
Georgia,GEO,2006,3.99429988861084
Georgia,GEO,2007,3.9066998958587646
Georgia,GEO,2008,3.9374001026153564
Georgia,GEO,2009,3.895900011062622
Georgia,GEO,2010,3.949899911880493
Georgia,GEO,2011,3.936300039291382
Georgia,GEO,2012,3.722100019454956
Georgia,GEO,2013,3.7836999893188477
Georgia,GEO,2014,3.8203001022338867
Georgia,GEO,2015,4.017399787902832
Georgia,GEO,2016,4.000199794769287
Georgia,GEO,2017,4.856400012969971
Georgia,GEO,2018,4.729300022125244
Georgia,GEO,2019,5.21619987487793
Germany,DEU,2000,11.719799995422363
Germany,DEU,2001,11.822600364685059
Germany,DEU,2002,11.97029972076416
Germany,DEU,2003,12.203700065612793
Germany,DEU,2004,12.333700180053711
Germany,DEU,2005,12.499600410461426
Germany,DEU,2006,12.64229965209961
Germany,DEU,2007,12.844799995422363
Germany,DEU,2008,13.100500106811523
Germany,DEU,2009,13.473400115966797
Germany,DEU,2010,13.609299659729004
Germany,DEU,2011,13.789999961853027
Germany,DEU,2012,13.918299674987793
Germany,DEU,2013,14.339500427246094
Germany,DEU,2014,12.756199836730957
Germany,DEU,2015,12.911499977111816
Germany,DEU,2016,12.85990047454834
Germany,DEU,2017,13.1141996383667
Germany,DEU,2018,13.485799789428711
Ghana,GHA,2004,0.9264000058174133
Ghana,GHA,2008,0.968999981880188
Ghana,GHA,2009,1.1920000314712524
Ghana,GHA,2010,1.0607999563217163
Ghana,GHA,2014,1.373900055885315
Ghana,GHA,2015,2.001699924468994
Ghana,GHA,2016,2.115999937057495
Ghana,GHA,2017,2.34060001373291
Ghana,GHA,2019,2.7109999656677246
Greece,GRC,2000,4.298999786376953
Greece,GRC,2001,4.602399826049805
Greece,GRC,2002,5.154300212860107
Greece,GRC,2003,5.163899898529053
Greece,GRC,2004,5.152599811553955
Greece,GRC,2005,5.179699897766113
Greece,GRC,2006,4.986199855804443
Greece,GRC,2007,4.938799858093262
Greece,GRC,2008,5.038599967956543
Greece,GRC,2009,5.208600044250488
Greece,GRC,2010,5.410699844360352
Greece,GRC,2011,5.443699836730957
Greece,GRC,2012,5.214600086212158
Greece,GRC,2013,5.112599849700928
Greece,GRC,2014,4.974999904632568
Greece,GRC,2015,4.905900001525879
Greece,GRC,2016,3.5534000396728516
Greece,GRC,2017,3.6331000328063965
Greece,GRC,2018,3.701900005340576
Grenada,GRD,1999,3.8477001190185547
Grenada,GRD,2000,3.56030011177063
Grenada,GRD,2001,3.5464999675750732
Grenada,GRD,2002,3.5327999591827393
Grenada,GRD,2003,3.519200086593628
Grenada,GRD,2006,3.794100046157837
Grenada,GRD,2017,3.05679988861084
Guatemala,GTM,2009,0.8697999715805054
Guatemala,GTM,2014,0.9434999823570251
Guatemala,GTM,2015,0.9646000266075134
Guatemala,GTM,2016,1.0053999423980713
Guatemala,GTM,2017,1.2024999856948853
Guatemala,GTM,2018,1.2828999757766724
Guinea,GIN,2000,0.4616999924182892
Guinea,GIN,2004,0.49390000104904175
Guinea,GIN,2015,0.41679999232292175
Guinea,GIN,2016,0.12380000203847885
Guinea-Bissau,GNB,2004,0.816100001335144
Guinea-Bissau,GNB,2008,0.6585999727249146
Guinea-Bissau,GNB,2009,0.7021999955177307
Guinea-Bissau,GNB,2011,0.5623999834060669
Guinea-Bissau,GNB,2013,0.5339000225067139
Guinea-Bissau,GNB,2014,0.5228999853134155
Guinea-Bissau,GNB,2015,0.5548999905586243
Guinea-Bissau,GNB,2016,0.5935999751091003
Guinea-Bissau,GNB,2018,0.6851000189781189
Guyana,GUY,2013,0.7164000272750854
Guyana,GUY,2014,0.6274999976158142
Guyana,GUY,2015,0.6972000002861023
Guyana,GUY,2016,0.7324000000953674
Guyana,GUY,2017,0.786899983882904
Haiti,HTI,1998,0.10199999809265137
Haiti,HTI,2015,0.28220000863075256
Haiti,HTI,2018,0.3977000117301941
High income,,2000,8.192917823791504
High income,,2010,9.809976577758789
High income,,2017,11.547266960144043
Honduras,HND,2010,0.8597999811172485
Honduras,HND,2013,0.6984999775886536
Honduras,HND,2014,0.6766999959945679
Honduras,HND,2015,0.6625999808311462
Honduras,HND,2016,0.7324000000953674
Honduras,HND,2017,0.7304999828338623
Honduras,HND,2018,0.7286999821662903
Hungary,HUN,1990,5.444499969482422
Hungary,HUN,1991,5.0843000411987305
Hungary,HUN,1992,5.370299816131592
Hungary,HUN,1993,5.691100120544434
Hungary,HUN,1994,5.6940999031066895
Hungary,HUN,1995,5.569900035858154
Hungary,HUN,1996,5.63700008392334
Hungary,HUN,1997,5.544600009918213
Hungary,HUN,1998,5.682499885559082
Hungary,HUN,1999,5.58519983291626
Hungary,HUN,2000,6.986000061035156
Hungary,HUN,2001,7.279099941253662
Hungary,HUN,2002,7.342899799346924
Hungary,HUN,2003,7.555600166320801
Hungary,HUN,2004,7.4653000831604
Hungary,HUN,2005,7.621699810028076
Hungary,HUN,2006,7.814199924468994
Hungary,HUN,2007,7.647900104522705
Hungary,HUN,2008,7.875999927520752
Hungary,HUN,2009,7.926599979400635
Hungary,HUN,2010,7.922599792480469
Hungary,HUN,2011,7.747000217437744
Hungary,HUN,2012,8.010899543762207
Hungary,HUN,2013,8.190500259399414
Hungary,HUN,2014,8.1225004196167
Hungary,HUN,2015,8.23449993133545
Hungary,HUN,2016,6.6427001953125
Hungary,HUN,2017,6.803699970245361
Hungary,HUN,2018,7.166900157928467
Hungary,HUN,2019,5.259300231933594
Iceland,ISL,2000,19.347400665283203
Iceland,ISL,2001,19.0314998626709
Iceland,ISL,2002,19.27090072631836
Iceland,ISL,2003,19.576400756835938
Iceland,ISL,2004,19.570600509643555
Iceland,ISL,2005,20.264400482177734
Iceland,ISL,2006,20.043399810791016
Iceland,ISL,2007,20.43910026550293
Iceland,ISL,2008,22.42840003967285
Iceland,ISL,2009,23.112899780273438
Iceland,ISL,2010,21.376800537109375
Iceland,ISL,2011,21.542499542236328
Iceland,ISL,2012,21.722999572753906
Iceland,ISL,2013,22.14240074157715
Iceland,ISL,2014,22.14240074157715
Iceland,ISL,2015,22.43790054321289
Iceland,ISL,2016,15.156499862670898
Iceland,ISL,2017,15.708700180053711
Iceland,ISL,2018,16.6914005279541
Iceland,ISL,2019,17.188800811767578
India,IND,1991,0.37540000677108765
India,IND,2000,1.1654000282287598
India,IND,2001,1.1816999912261963
India,IND,2003,1.2440999746322632
India,IND,2004,1.2591999769210815
India,IND,2005,1.2906999588012695
India,IND,2017,2.1078999042510986
India,IND,2018,1.7271000146865845
India,IND,2019,2.3884999752044678
Indonesia,IDN,1992,0.6265000104904175
Indonesia,IDN,2003,0.8167999982833862
Indonesia,IDN,2015,1.2990000247955322
Indonesia,IDN,2017,2.0532000064849854
Indonesia,IDN,2019,3.806999921798706
Iran,IRN,2004,1.3961000442504883
Iran,IRN,2005,1.4050999879837036
Iran,IRN,2006,1.6890000104904175
Iran,IRN,2011,1.9970999956130981
Iran,IRN,2014,1.5641000270843506
Iran,IRN,2015,1.8906999826431274
Iran,IRN,2017,2.6285998821258545
Iran,IRN,2018,2.0766000747680664
Iraq,IRQ,2005,1.3200000524520874
Iraq,IRQ,2007,1.0490000247955322
Iraq,IRQ,2013,2.0850000381469727
Iraq,IRQ,2014,1.8775999546051025
Iraq,IRQ,2015,1.6497999429702759
Iraq,IRQ,2016,1.7151999473571777
Iraq,IRQ,2017,1.812600016593933
Iraq,IRQ,2018,2.044800043106079
Ireland,IRL,2000,14.02869987487793
Ireland,IRL,2001,14.850199699401855
Ireland,IRL,2002,15.374600410461426
Ireland,IRL,2003,14.819000244140625
Ireland,IRL,2004,12.37030029296875
Ireland,IRL,2005,12.267000198364258
Ireland,IRL,2006,12.669599533081055
Ireland,IRL,2007,13.868300437927246
Ireland,IRL,2008,13.779800415039062
Ireland,IRL,2009,13.043399810791016
Ireland,IRL,2010,13.465299606323242
Ireland,IRL,2011,13.364999771118164
Ireland,IRL,2012,12.960599899291992
Ireland,IRL,2013,12.577500343322754
Ireland,IRL,2014,12.25979995727539
Ireland,IRL,2015,12.477399826049805
Ireland,IRL,2016,11.707300186157227
Ireland,IRL,2017,14.541500091552734
Ireland,IRL,2018,13.011799812316895
Israel,ISR,2000,7.7565999031066895
Israel,ISR,2001,7.792500019073486
Israel,ISR,2002,7.682199954986572
Israel,ISR,2003,7.337200164794922
Israel,ISR,2004,7.096799850463867
Israel,ISR,2005,6.97130012512207
Israel,ISR,2006,6.824399948120117
Israel,ISR,2007,6.556600093841553
Israel,ISR,2008,6.1774001121521
Israel,ISR,2009,5.923099994659424
Israel,ISR,2010,5.802800178527832
Israel,ISR,2011,5.863699913024902
Israel,ISR,2012,5.831600189208984
Israel,ISR,2013,5.864299774169922
Israel,ISR,2014,5.90749979019165
Israel,ISR,2015,5.957600116729736
Israel,ISR,2016,5.505499839782715
Israel,ISR,2017,5.621399879455566
Israel,ISR,2018,5.583000183105469
Israel,ISR,2019,6.604700088500977
Italy,ITA,2000,5.7657999992370605
Italy,ITA,2001,5.798699855804443
Italy,ITA,2002,5.841000080108643
Italy,ITA,2003,5.470200061798096
Italy,ITA,2004,5.348299980163574
Italy,ITA,2005,5.21019983291626
Italy,ITA,2006,5.371399879455566
Italy,ITA,2007,5.509099960327148
Italy,ITA,2008,5.5295000076293945
Italy,ITA,2009,5.539599895477295
Italy,ITA,2010,5.515999794006348
Italy,ITA,2011,5.482900142669678
Italy,ITA,2012,5.382500171661377
Italy,ITA,2013,5.335700035095215
Italy,ITA,2014,5.567599773406982
Italy,ITA,2015,5.715199947357178
Italy,ITA,2016,5.835899829864502
Italy,ITA,2017,6.060500144958496
Italy,ITA,2018,5.999800205230713
Italy,ITA,2019,5.88670015335083
Jamaica,JAM,2003,1.614400029182434
Jamaica,JAM,2008,1.0532000064849854
Jamaica,JAM,2012,1.5118999481201172
Jamaica,JAM,2013,1.4349000453948975
Jamaica,JAM,2014,1.4270999431610107
Jamaica,JAM,2015,1.450700044631958
Jamaica,JAM,2016,1.606600046157837
Jamaica,JAM,2017,1.4673999547958374
Japan,JPN,1990,6.372900009155273
Japan,JPN,1992,6.744800090789795
Japan,JPN,1994,7.250899791717529
Japan,JPN,1996,7.769899845123291
Japan,JPN,1998,8.216099739074707
Japan,JPN,2000,8.654600143432617
Japan,JPN,2002,8.572500228881836
Japan,JPN,2004,8.934100151062012
Japan,JPN,2006,9.282099723815918
Japan,JPN,2008,9.739399909973145
Japan,JPN,2010,10.273799896240234
Japan,JPN,2012,10.68910026550293
Japan,JPN,2014,11.512900352478027
Japan,JPN,2016,11.950200080871582
Japan,JPN,2018,12.697799682617188
Jordan,JOR,1998,2.809499979019165
Jordan,JOR,1999,2.9170000553131104
Jordan,JOR,2000,3.039099931716919
Jordan,JOR,2001,3.0499000549316406
Jordan,JOR,2002,2.822000026702881
Jordan,JOR,2003,2.978800058364868
Jordan,JOR,2004,3.2607998847961426
Jordan,JOR,2005,3.0227999687194824
Jordan,JOR,2006,3.306999921798706
Jordan,JOR,2007,3.0176000595092773
Jordan,JOR,2008,2.9567999839782715
Jordan,JOR,2009,3.4992001056671143
Jordan,JOR,2010,3.533799886703491
Jordan,JOR,2013,3.4346001148223877
Jordan,JOR,2014,3.4351999759674072
Jordan,JOR,2017,3.359800100326538
Jordan,JOR,2018,2.821199893951416
Jordan,JOR,2019,3.3469998836517334
Kazakhstan,KAZ,1990,10.050200462341309
Kazakhstan,KAZ,1991,10.971400260925293
Kazakhstan,KAZ,1992,10.836000442504883
Kazakhstan,KAZ,1993,10.331500053405762
Kazakhstan,KAZ,1994,9.752900123596191
Kazakhstan,KAZ,1995,9.437399864196777
Kazakhstan,KAZ,1996,8.619600296020508
Kazakhstan,KAZ,1997,7.461400032043457
Kazakhstan,KAZ,1998,6.998700141906738
Kazakhstan,KAZ,1999,6.629199981689453
Kazakhstan,KAZ,2000,6.173600196838379
Kazakhstan,KAZ,2001,6.45419979095459
Kazakhstan,KAZ,2002,6.646299839019775
Kazakhstan,KAZ,2003,6.674900054931641
Kazakhstan,KAZ,2004,6.779900074005127
Kazakhstan,KAZ,2005,6.88100004196167
Kazakhstan,KAZ,2006,7.272600173950195
Kazakhstan,KAZ,2007,7.383999824523926
Kazakhstan,KAZ,2008,7.10099983215332
Kazakhstan,KAZ,2009,7.632800102233887
Kazakhstan,KAZ,2010,7.721499919891357
Kazakhstan,KAZ,2011,7.920400142669678
Kazakhstan,KAZ,2012,8.064399719238281
Kazakhstan,KAZ,2013,8.025300025939941
Kazakhstan,KAZ,2014,7.200200080871582
Kazakhstan,KAZ,2015,7.293600082397461
Kenya,KEN,2004,0.4530999958515167
Kenya,KEN,2008,0.35370001196861267
Kenya,KEN,2009,0.38989999890327454
Kenya,KEN,2010,0.7060999870300293
Kenya,KEN,2013,0.8851000070571899
Kenya,KEN,2014,0.9273999929428101
Kenya,KEN,2015,0.8650000095367432
Kenya,KEN,2016,1.0362000465393066
Kenya,KEN,2017,1.0586999654769897
Kenya,KEN,2018,1.1655999422073364
Kiribati,KIR,1998,2.3406999111175537
Kiribati,KIR,2004,2.8729000091552734
Kiribati,KIR,2008,3.6538000106811523
Kiribati,KIR,2010,3.926100015640259
Kiribati,KIR,2011,3.9351000785827637
Kiribati,KIR,2018,3.8255999088287354
Kuwait,KWT,2001,4.372700214385986
Kuwait,KWT,2006,4.1529998779296875
Kuwait,KWT,2007,4.325900077819824
Kuwait,KWT,2008,4.676199913024902
Kuwait,KWT,2009,4.804699897766113
Kuwait,KWT,2010,6.529300212860107
Kuwait,KWT,2011,6.501100063323975
Kuwait,KWT,2012,6.420599937438965
Kuwait,KWT,2013,6.20550012588501
Kuwait,KWT,2014,6.660999774932861
Kuwait,KWT,2015,7.151400089263916
Kuwait,KWT,2016,7.089900016784668
Kuwait,KWT,2017,7.348899841308594
Kuwait,KWT,2018,7.4145002365112305
Kyrgyzstan,KGZ,1990,10.286100387573242
Kyrgyzstan,KGZ,1991,10.455900192260742
Kyrgyzstan,KGZ,1992,10.38949966430664
Kyrgyzstan,KGZ,1993,9.960100173950195
Kyrgyzstan,KGZ,1994,9.699700355529785
Kyrgyzstan,KGZ,1995,9.481200218200684
Kyrgyzstan,KGZ,1996,9.19279956817627
Kyrgyzstan,KGZ,1997,8.722000122070312
Kyrgyzstan,KGZ,1998,8.512999534606934
Kyrgyzstan,KGZ,1999,8.380200386047363
Kyrgyzstan,KGZ,2000,7.953499794006348
Kyrgyzstan,KGZ,2001,7.422800064086914
Kyrgyzstan,KGZ,2002,7.009699821472168
Kyrgyzstan,KGZ,2003,6.8256001472473145
Kyrgyzstan,KGZ,2004,6.597899913787842
Kyrgyzstan,KGZ,2005,6.3379998207092285
Kyrgyzstan,KGZ,2006,6.015100002288818
Kyrgyzstan,KGZ,2007,5.8821001052856445
Kyrgyzstan,KGZ,2008,5.704999923706055
Kyrgyzstan,KGZ,2009,5.680200099945068
Kyrgyzstan,KGZ,2010,5.645899772644043
Kyrgyzstan,KGZ,2011,5.839200019836426
Kyrgyzstan,KGZ,2012,5.933899879455566
Kyrgyzstan,KGZ,2013,5.973700046539307
Kyrgyzstan,KGZ,2014,5.9446001052856445
Kyrgyzstan,KGZ,2019,5.60260009765625
Laos,LAO,1995,1.256600022315979
Laos,LAO,2000,1.0242999792099
Laos,LAO,2004,0.9890000224113464
Laos,LAO,2005,0.995199978351593
Laos,LAO,2009,0.8655999898910522
Laos,LAO,2010,0.857200026512146
Laos,LAO,2012,0.8659999966621399
Laos,LAO,2013,0.9584000110626221
Laos,LAO,2014,1.2786999940872192
Laos,LAO,2015,1.2206000089645386
Laos,LAO,2016,1.2630000114440918
Laos,LAO,2017,1.2106000185012817
Laos,LAO,2018,1.1878000497817993
Laos,LAO,2019,0.7171000242233276
Latin America and Caribbean,,2000,2.80444073677063
Latin America and Caribbean,,2017,4.539483070373535
Latvia,LVA,1990,6.267499923706055
Latvia,LVA,1991,6.327199935913086
Latvia,LVA,1992,5.8684000968933105
Latvia,LVA,1993,5.496600151062012
Latvia,LVA,1994,4.906799793243408
Latvia,LVA,1995,5.2042999267578125
Latvia,LVA,1996,5.180699825286865
Latvia,LVA,1997,5.013199806213379
Latvia,LVA,1998,4.761600017547607
Latvia,LVA,1999,4.881899833679199
Latvia,LVA,2000,4.749599933624268
Latvia,LVA,2001,4.672900199890137
Latvia,LVA,2002,4.721499919891357
Latvia,LVA,2003,4.880300045013428
Latvia,LVA,2004,5.0493998527526855
Latvia,LVA,2005,5.17579984664917
Latvia,LVA,2006,5.815499782562256
Latvia,LVA,2007,5.75629997253418
Latvia,LVA,2008,5.786200046539307
Latvia,LVA,2009,5.095600128173828
Latvia,LVA,2010,5.154600143432617
Latvia,LVA,2011,5.068299770355225
Latvia,LVA,2012,4.96999979019165
Latvia,LVA,2013,5.000500202178955
Latvia,LVA,2014,4.952499866485596
Latvia,LVA,2015,4.836100101470947
Latvia,LVA,2018,4.5569000244140625
Latvia,LVA,2019,4.617400169372559
Lebanon,LBN,2001,1.041599988937378
Lebanon,LBN,2005,1.0045000314712524
Lebanon,LBN,2007,1.4538999795913696
Lebanon,LBN,2009,1.7217999696731567
Lebanon,LBN,2010,1.7747999429702759
Lebanon,LBN,2013,1.5313999652862549
Lebanon,LBN,2014,1.6685999631881714
Lebanon,LBN,2015,1.541599988937378
Lebanon,LBN,2016,1.5720000267028809
Lebanon,LBN,2017,1.641800045967102
Lebanon,LBN,2018,1.6734999418258667
Lesotho,LSO,2003,0.5564000010490417
Lesotho,LSO,2010,0.6654999852180481
Lesotho,LSO,2018,3.256700038909912
Liberia,LBR,2004,0.33009999990463257
Liberia,LBR,2008,0.2711000144481659
Liberia,LBR,2009,0.9041000008583069
Liberia,LBR,2010,0.46380001306533813
Liberia,LBR,2018,0.5321000218391418
Libya,LBY,1997,3.47379994392395
Libya,LBY,2004,4.756400108337402
Libya,LBY,2008,5.527599811553955
Libya,LBY,2009,7.007199764251709
Libya,LBY,2013,6.96019983291626
Libya,LBY,2014,6.792799949645996
Libya,LBY,2017,6.5304999351501465
Lithuania,LTU,1991,9.469400405883789
Lithuania,LTU,1992,9.466699600219727
Lithuania,LTU,1993,9.366900444030762
Lithuania,LTU,1994,9.484000205993652
Lithuania,LTU,1995,9.449899673461914
Lithuania,LTU,1996,9.473099708557129
Lithuania,LTU,1997,9.27649974822998
Lithuania,LTU,1998,9.187399864196777
Lithuania,LTU,1999,8.331600189208984
Lithuania,LTU,2000,8.01930046081543
Lithuania,LTU,2001,7.953999996185303
Lithuania,LTU,2002,7.789999961853027
Lithuania,LTU,2003,7.656400203704834
Lithuania,LTU,2004,7.5609002113342285
Lithuania,LTU,2005,7.554599761962891
Lithuania,LTU,2006,7.599999904632568
Lithuania,LTU,2007,7.594399929046631
Lithuania,LTU,2008,7.722899913787842
Lithuania,LTU,2009,7.632400035858154
Lithuania,LTU,2010,7.593999862670898
Lithuania,LTU,2011,7.690499782562256
Lithuania,LTU,2012,7.74399995803833
Lithuania,LTU,2013,7.719099998474121
Lithuania,LTU,2014,7.804800033569336
Lithuania,LTU,2015,7.90339994430542
Lithuania,LTU,2016,7.9664998054504395
Lithuania,LTU,2017,7.979499816894531
Lithuania,LTU,2018,8.504599571228027
Lithuania,LTU,2019,9.445199966430664
Low and middle income,,2000,1.6460496187210083
Low and middle income,,2017,2.5459728240966797
Low income,,2010,0.8021650910377502
Low income,,2017,0.9024218916893005
Lower middle income,,2017,2.2651259899139404
Luxembourg,LUX,1995,7.138000011444092
Luxembourg,LUX,1996,7.359899997711182
Luxembourg,LUX,1997,7.504799842834473
Luxembourg,LUX,1998,7.430699825286865
Luxembourg,LUX,1999,7.512199878692627
Luxembourg,LUX,2000,7.606100082397461
Luxembourg,LUX,2001,7.7032999992370605
Luxembourg,LUX,2002,8.039199829101562
Luxembourg,LUX,2003,9.280099868774414
Luxembourg,LUX,2004,9.4931001663208
Luxembourg,LUX,2005,11.478799819946289
Luxembourg,LUX,2006,11.43690013885498
Luxembourg,LUX,2007,11.288700103759766
Luxembourg,LUX,2008,11.522500038146973
Luxembourg,LUX,2009,11.500499725341797
Luxembourg,LUX,2010,11.392000198364258
Luxembourg,LUX,2011,11.613699913024902
Luxembourg,LUX,2012,12.288599967956543
Luxembourg,LUX,2013,12.318499565124512
Luxembourg,LUX,2014,12.357099533081055
Luxembourg,LUX,2015,12.334600448608398
Luxembourg,LUX,2016,12.16469955444336
Luxembourg,LUX,2017,12.174400329589844
Madagascar,MDG,2002,0.31290000677108765
Madagascar,MDG,2003,0.3034999966621399
Madagascar,MDG,2004,0.28540000319480896
Madagascar,MDG,2005,0.3499999940395355
Madagascar,MDG,2006,0.30219998955726624
Madagascar,MDG,2007,0.29409998655319214
Madagascar,MDG,2008,0.28110000491142273
Madagascar,MDG,2009,0.24300000071525574
Madagascar,MDG,2010,0.2232999950647354
Madagascar,MDG,2011,0.21789999306201935
Madagascar,MDG,2012,0.21739999949932098
Madagascar,MDG,2013,0.2978000044822693
Madagascar,MDG,2018,0.2980000078678131
Malawi,MWI,2004,0.590499997138977
Malawi,MWI,2008,0.28380000591278076
Malawi,MWI,2009,0.34060001373291016
Malawi,MWI,2013,0.22679999470710754
Malawi,MWI,2016,0.298799991607666
Malawi,MWI,2018,0.43860000371932983
Malaysia,MYS,2000,1.6744999885559082
Malaysia,MYS,2002,1.7919000387191772
Malaysia,MYS,2008,2.6747000217437744
Malaysia,MYS,2010,3.1975998878479004
Malaysia,MYS,2011,3.387500047683716
Malaysia,MYS,2012,3.8141000270843506
Malaysia,MYS,2013,3.9058001041412354
Malaysia,MYS,2014,4.006899833679199
Malaysia,MYS,2015,4.1828999519348145
Malaysia,MYS,2016,4.195799827575684
Malaysia,MYS,2017,4.222899913787842
Malaysia,MYS,2019,3.484299898147583
Maldives,MDV,1991,0.652999997138977
Maldives,MDV,1993,0.7749000191688538
Maldives,MDV,1996,1.392699956893921
Maldives,MDV,2004,2.846100091934204
Maldives,MDV,2007,4.591300010681152
Maldives,MDV,2009,5.223499774932861
Maldives,MDV,2010,5.107999801635742
Maldives,MDV,2014,5.370100021362305
Maldives,MDV,2015,6.57289981842041
Maldives,MDV,2017,6.492700099945068
Maldives,MDV,2018,6.428199768066406
Mali,MLI,2004,0.6740999817848206
Mali,MLI,2007,0.2110999971628189
Mali,MLI,2009,0.44369998574256897
Mali,MLI,2010,0.44620001316070557
Mali,MLI,2011,0.3677000105381012
Mali,MLI,2012,0.37720000743865967
Mali,MLI,2013,0.11919999867677689
Mali,MLI,2016,0.413100004196167
Mali,MLI,2018,0.4408000111579895
Malta,MLT,2002,5.472799777984619
Malta,MLT,2003,5.472700119018555
Malta,MLT,2004,5.6107001304626465
Malta,MLT,2005,5.794400215148926
Malta,MLT,2006,5.934000015258789
Malta,MLT,2007,6.2270002365112305
Malta,MLT,2008,6.79610013961792
Malta,MLT,2009,6.588900089263916
Malta,MLT,2010,6.850100040435791
Malta,MLT,2011,7.064899921417236
Malta,MLT,2012,7.046000003814697
Malta,MLT,2013,7.394999980926514
Malta,MLT,2014,8.375200271606445
Malta,MLT,2015,8.369500160217285
Malta,MLT,2018,9.48330020904541
Marshall Islands,MHL,2000,2.9800000190734863
Marshall Islands,MHL,2007,3.357100009918213
Marshall Islands,MHL,2010,2.251800060272217
Marshall Islands,MHL,2011,3.4512999057769775
Marshall Islands,MHL,2012,3.298099994659424
Marshall Islands,MHL,2018,3.3389999866485596
Mauritania,MRT,2004,0.64410001039505
Mauritania,MRT,2009,0.6786999702453613
Mauritania,MRT,2010,0.8022000193595886
Mauritania,MRT,2014,0.9783999919891357
Mauritania,MRT,2015,1.0224000215530396
Mauritania,MRT,2017,1.0672999620437622
Mauritania,MRT,2018,0.9251999855041504
Mauritius,MUS,2004,3.787100076675415
Mauritius,MUS,2007,2.6744000911712646
Mauritius,MUS,2008,2.743499994277954
Mauritius,MUS,2009,2.813499927520752
Mauritius,MUS,2010,2.8845999240875244
Mauritius,MUS,2011,2.9333999156951904
Mauritius,MUS,2012,2.981300115585327
Mauritius,MUS,2013,3.1565001010894775
Mauritius,MUS,2014,3.280600070953369
Mauritius,MUS,2015,3.3831000328063965
Mauritius,MUS,2016,3.2760000228881836
Mauritius,MUS,2017,3.515199899673462
Mexico,MEX,2000,3.127700090408325
Mexico,MEX,2001,2.2265000343322754
Mexico,MEX,2002,2.222899913787842
Mexico,MEX,2003,2.13700008392334
Mexico,MEX,2004,2.112600088119507
Mexico,MEX,2005,2.2053000926971436
Mexico,MEX,2006,2.2214999198913574
Mexico,MEX,2007,2.2832000255584717
Mexico,MEX,2008,2.3066000938415527
Mexico,MEX,2009,2.3624000549316406
Mexico,MEX,2010,2.411799907684326
Mexico,MEX,2011,2.5092999935150146
Mexico,MEX,2012,2.548799991607666
Mexico,MEX,2013,2.8043999671936035
Mexico,MEX,2014,2.679800033569336
Mexico,MEX,2015,2.4177000522613525
Mexico,MEX,2016,2.5102999210357666
Mexico,MEX,2017,2.5078001022338867
Mexico,MEX,2018,3.1489999294281006
Mexico,MEX,2019,2.3645999431610107
Micronesia (country),FSM,2000,3.882699966430664
Micronesia (country),FSM,2003,2.3408000469207764
Micronesia (country),FSM,2005,2.344599962234497
Micronesia (country),FSM,2008,2.6793999671936035
Micronesia (country),FSM,2009,3.605799913406372
Micronesia (country),FSM,2010,3.319000005722046
Micronesia (country),FSM,2018,2.04259991645813
Micronesia (country),FSM,2019,2.152899980545044
Middle East and North Africa,,2017,2.4944114685058594
Middle income,,1990,0.9229009747505188
Middle income,,2000,1.6638691425323486
Middle income,,2017,2.723493814468384
Moldova,MDA,1990,11.065799713134766
Moldova,MDA,1991,11.206399917602539
Moldova,MDA,1992,11.168899536132812
Moldova,MDA,1993,11.186400413513184
Moldova,MDA,1994,10.94890022277832
Moldova,MDA,1995,10.409899711608887
Moldova,MDA,1996,10.064599990844727
Moldova,MDA,1997,10.410599708557129
Moldova,MDA,1998,10.054300308227539
Moldova,MDA,1999,8.715999603271484
Moldova,MDA,2000,5.665200233459473
Moldova,MDA,2001,5.534599781036377
Moldova,MDA,2002,5.541399955749512
Moldova,MDA,2003,5.38640022277832
Moldova,MDA,2004,5.182300090789795
Moldova,MDA,2005,5.647600173950195
Moldova,MDA,2006,5.616300106048584
Moldova,MDA,2007,5.6468000411987305
Moldova,MDA,2008,5.621099948883057
Moldova,MDA,2009,5.625899791717529
Moldova,MDA,2010,5.648200035095215
Moldova,MDA,2011,5.644499778747559
Moldova,MDA,2012,5.605500221252441
Moldova,MDA,2013,5.487199783325195
Moldova,MDA,2014,5.310999870300293
Moldova,MDA,2015,5.003600120544434
Moldova,MDA,2017,4.923500061035156
Moldova,MDA,2019,3.9328999519348145
Monaco,MCO,1992,15.384599685668945
Monaco,MCO,1995,15.11400032043457
Monaco,MCO,2011,16.944400787353516
Monaco,MCO,2012,18
Monaco,MCO,2013,18.807600021362305
Monaco,MCO,2014,20.160900115966797
Mongolia,MNG,2002,3.612299919128418
Mongolia,MNG,2008,3.6494998931884766
Mongolia,MNG,2009,3.6222000122070312
Mongolia,MNG,2010,3.63100004196167
Mongolia,MNG,2011,3.6612000465393066
Mongolia,MNG,2012,3.7822999954223633
Mongolia,MNG,2013,3.8046000003814697
Mongolia,MNG,2014,4.025700092315674
Mongolia,MNG,2015,4.093200206756592
Mongolia,MNG,2016,4.0655999183654785
Mongolia,MNG,2017,4.140600204467773
Mongolia,MNG,2018,4.213600158691406
Montenegro,MNE,2005,5.368299961090088
Montenegro,MNE,2006,5.377900123596191
Montenegro,MNE,2007,5.472899913787842
Montenegro,MNE,2008,5.551300048828125
Montenegro,MNE,2009,5.590000152587891
Montenegro,MNE,2010,5.282700061798096
Montenegro,MNE,2011,5.123899936676025
Montenegro,MNE,2012,4.9369001388549805
Montenegro,MNE,2013,5.392000198364258
Montenegro,MNE,2014,5.446000099182129
Montenegro,MNE,2015,5.346099853515625
Montenegro,MNE,2018,5.229400157928467
Morocco,MAR,2004,0.8077999949455261
Morocco,MAR,2009,0.9297999739646912
Morocco,MAR,2013,0.9725000262260437
Morocco,MAR,2014,0.9440000057220459
Morocco,MAR,2017,1.388700008392334
Mozambique,MOZ,1999,0.28349998593330383
Mozambique,MOZ,2000,0.2867000102996826
Mozambique,MOZ,2001,0.2808000147342682
Mozambique,MOZ,2002,0.2996000051498413
Mozambique,MOZ,2003,0.29760000109672546
Mozambique,MOZ,2004,0.3264999985694885
Mozambique,MOZ,2005,0.3303999900817871
Mozambique,MOZ,2006,0.3382999897003174
Mozambique,MOZ,2007,0.3628000020980835
Mozambique,MOZ,2008,0.38830000162124634
Mozambique,MOZ,2009,0.39489999413490295
Mozambique,MOZ,2010,0.40400001406669617
Mozambique,MOZ,2011,0.3928000032901764
Mozambique,MOZ,2012,0.4056999981403351
Mozambique,MOZ,2013,0.5823000073432922
Mozambique,MOZ,2014,0.41839998960494995
Mozambique,MOZ,2015,0.44690001010894775
Mozambique,MOZ,2016,0.6784999966621399
Mozambique,MOZ,2017,0.6841999888420105
Mozambique,MOZ,2018,0.6847000122070312
Mozambique,MOZ,2019,0.47269999980926514
Myanmar,MMR,2005,0.7461000084877014
Myanmar,MMR,2006,0.7865999937057495
Myanmar,MMR,2007,0.8086000084877014
Myanmar,MMR,2008,0.8295999765396118
Myanmar,MMR,2009,0.8615000247955322
Myanmar,MMR,2010,0.8932999968528748
Myanmar,MMR,2011,0.9211999773979187
Myanmar,MMR,2012,0.9505000114440918
Myanmar,MMR,2016,1.0342999696731567
Myanmar,MMR,2018,0.9993000030517578
Myanmar,MMR,2019,1.0821000337600708
Namibia,NAM,2004,3.2211999893188477
Namibia,NAM,2007,2.8657000064849854
Namibia,NAM,2013,1.8401999473571777
Namibia,NAM,2014,1.8526999950408936
Namibia,NAM,2015,1.885599970817566
Namibia,NAM,2016,2.0423998832702637
Namibia,NAM,2017,2.01990008354187
Namibia,NAM,2018,1.9539999961853027
Nauru,NRU,1995,5.660399913787842
Nauru,NRU,2004,6.36359977722168
Nauru,NRU,2008,6.969699859619141
Nauru,NRU,2011,6.930699825286865
Nauru,NRU,2015,6.730800151824951
Nauru,NRU,2018,7.850500106811523
Nepal,NPL,2004,0.4652000069618225
Nepal,NPL,2012,1.5980000495910645
Nepal,NPL,2013,1.8729000091552734
Nepal,NPL,2014,2.136899948120117
Nepal,NPL,2017,2.847899913787842
Nepal,NPL,2018,3.1084001064300537
Nepal,NPL,2019,3.3046998977661133
Netherlands,NLD,2002,7.968200206756592
Netherlands,NLD,2003,8.136199951171875
Netherlands,NLD,2004,8.258399963378906
Netherlands,NLD,2005,8.305800437927246
Netherlands,NLD,2006,8.297100067138672
Netherlands,NLD,2007,8.381999969482422
Netherlands,NLD,2008,8.492400169372559
Netherlands,NLD,2014,10.529500007629395
Netherlands,NLD,2015,10.748900413513184
Netherlands,NLD,2016,10.927900314331055
Netherlands,NLD,2017,11.246600151062012
Netherlands,NLD,2018,11.485099792480469
New Zealand,NZL,2002,9.360400199890137
New Zealand,NZL,2003,9.078300476074219
New Zealand,NZL,2004,9.431400299072266
New Zealand,NZL,2005,9.706700325012207
New Zealand,NZL,2006,9.387700080871582
New Zealand,NZL,2007,9.77299976348877
New Zealand,NZL,2008,10.284500122070312
New Zealand,NZL,2009,10.25510025024414
New Zealand,NZL,2010,10.576000213623047
New Zealand,NZL,2011,10.616700172424316
New Zealand,NZL,2012,10.454500198364258
New Zealand,NZL,2013,12.25409984588623
New Zealand,NZL,2014,11.81719970703125
New Zealand,NZL,2015,11.990500450134277
New Zealand,NZL,2016,12.128000259399414
New Zealand,NZL,2017,12.320699691772461
New Zealand,NZL,2018,11.14210033416748
Nicaragua,NIC,2003,1.107699990272522
Nicaragua,NIC,2005,1.1572999954223633
Nicaragua,NIC,2006,1.1577999591827393
Nicaragua,NIC,2007,1.1823999881744385
Nicaragua,NIC,2008,1.291599988937378
Nicaragua,NIC,2009,1.3028000593185425
Nicaragua,NIC,2010,1.2647000551223755
Nicaragua,NIC,2011,1.3657000064849854
Nicaragua,NIC,2012,1.3695000410079956
Nicaragua,NIC,2013,1.3596999645233154
Nicaragua,NIC,2014,1.3549000024795532
Nicaragua,NIC,2015,1.3667000532150269
Nicaragua,NIC,2016,1.4660999774932861
Nicaragua,NIC,2017,1.55239999294281
Niger,NER,2004,0.21469999849796295
Niger,NER,2008,0.1386999934911728
Niger,NER,2009,0.20389999449253082
Niger,NER,2013,0.22290000319480896
Niger,NER,2014,0.30660000443458557
Niger,NER,2015,0.2037999927997589
Niger,NER,2016,0.2694999873638153
Niger,NER,2018,0.22339999675750732
Nigeria,NGA,2003,1.5944000482559204
Nigeria,NGA,2005,1.5369000434875488
Nigeria,NGA,2006,1.5033999681472778
Nigeria,NGA,2007,1.4993000030517578
Nigeria,NGA,2008,1.496899962425232
Nigeria,NGA,2013,1.0257999897003174
Nigeria,NGA,2016,1.7551000118255615
Nigeria,NGA,2018,0.9258000254631042
Nigeria,NGA,2019,1.5006999969482422
North America,,2000,9.52067756652832
North America,,2010,12.26888656616211
North America,,2017,15.293646812438965
North Korea,PRK,2003,3.967900037765503
North Korea,PRK,2008,4.145100116729736
North Korea,PRK,2017,4.44890022277832
North Macedonia,MKD,2000,2.858799934387207
North Macedonia,MKD,2001,2.8626999855041504
North Macedonia,MKD,2002,2.9904000759124756
North Macedonia,MKD,2003,2.841099977493286
North Macedonia,MKD,2004,2.8536999225616455
North Macedonia,MKD,2005,2.7651000022888184
North Macedonia,MKD,2006,2.8345999717712402
North Macedonia,MKD,2007,3.1640000343322754
North Macedonia,MKD,2008,3.4019999504089355
North Macedonia,MKD,2009,3.50600004196167
North Macedonia,MKD,2010,3.604099988937378
North Macedonia,MKD,2011,3.61299991607666
North Macedonia,MKD,2012,3.5776000022888184
North Macedonia,MKD,2013,3.654400110244751
North Macedonia,MKD,2015,3.7916998863220215
Norway,NOR,2002,12.595000267028809
Norway,NOR,2003,13.23009967803955
Norway,NOR,2004,13.707500457763672
Norway,NOR,2005,14.104399681091309
Norway,NOR,2006,14.374899864196777
Norway,NOR,2007,14.402700424194336
Norway,NOR,2008,14.499300003051758
Norway,NOR,2009,16.453100204467773
Norway,NOR,2010,16.6658992767334
Norway,NOR,2011,16.95330047607422
Norway,NOR,2012,17.085399627685547
Norway,NOR,2013,17.21150016784668
Norway,NOR,2014,17.425500869750977
Norway,NOR,2015,17.862199783325195
Norway,NOR,2016,17.431499481201172
Norway,NOR,2017,17.601299285888672
Norway,NOR,2018,18.20789909362793
Norway,NOR,2019,18.349300384521484
Oman,OMN,1990,2.2883999347686768
Oman,OMN,1995,2.738300085067749
Oman,OMN,1997,2.57450008392334
Oman,OMN,1998,2.8264999389648438
Oman,OMN,1999,2.85509991645813
Oman,OMN,2000,3.451900005340576
Oman,OMN,2004,3.5764000415802
Oman,OMN,2005,3.6940999031066895
Oman,OMN,2006,3.725600004196167
Oman,OMN,2007,3.911600112915039
Oman,OMN,2008,4.083199977874756
Oman,OMN,2009,4.207600116729736
Oman,OMN,2010,4.230000019073486
Oman,OMN,2011,4.37939977645874
Oman,OMN,2012,4.467400074005127
Oman,OMN,2013,4.4969000816345215
Oman,OMN,2014,4.666900157928467
Oman,OMN,2015,4.53000020980835
Oman,OMN,2016,4.411499977111816
Oman,OMN,2017,4.273099899291992
Oman,OMN,2018,4.196499824523926
Oman,OMN,2019,4.085000038146973
Pakistan,PAK,1992,0.3253999948501587
Pakistan,PAK,1993,0.3321000039577484
Pakistan,PAK,1994,0.34209999442100525
Pakistan,PAK,1995,0.3433000147342682
Pakistan,PAK,1996,0.36469998955726624
Pakistan,PAK,1997,0.38530001044273376
Pakistan,PAK,1998,0.4081999957561493
Pakistan,PAK,1999,0.421099990606308
Pakistan,PAK,2000,0.4219000041484833
Pakistan,PAK,2001,0.42969998717308044
Pakistan,PAK,2004,0.45809999108314514
Pakistan,PAK,2008,0.529699981212616
Pakistan,PAK,2009,0.5443000197410583
Pakistan,PAK,2010,0.559499979019165
Pakistan,PAK,2013,0.527899980545044
Pakistan,PAK,2017,0.5985999703407288
Pakistan,PAK,2019,0.4832000136375427
Palau,PLW,1998,6.141300201416016
Palau,PLW,2004,6.030200004577637
Palau,PLW,2006,6.051300048828125
Palau,PLW,2009,6.120200157165527
Palau,PLW,2010,6.611100196838379
Palau,PLW,2014,6.30679988861084
Palau,PLW,2018,7.262599945068359
Panama,PAN,1990,0.9955999851226807
Panama,PAN,1991,0.9742000102996826
Panama,PAN,1992,0.9639000296592712
Panama,PAN,1993,1.006600022315979
Panama,PAN,1994,1.0253000259399414
Panama,PAN,1995,1.0442999601364136
Panama,PAN,1996,1.0779000520706177
Panama,PAN,1997,1.1047999858856201
Panama,PAN,1998,1.0936000347137451
Panama,PAN,1999,1.142300009727478
Panama,PAN,2001,1.8413000106811523
Panama,PAN,2002,1.9163999557495117
Panama,PAN,2003,2.1984000205993652
Panama,PAN,2004,1.9909000396728516
Panama,PAN,2005,2.0044000148773193
Panama,PAN,2006,2.0030999183654785
Panama,PAN,2010,2.4765000343322754
Panama,PAN,2011,2.3145999908447266
Panama,PAN,2013,2.9305999279022217
Panama,PAN,2014,2.94950008392334
Panama,PAN,2015,2.76200008392334
Panama,PAN,2016,2.986299991607666
Panama,PAN,2017,3.0866000652313232
Panama,PAN,2018,3.0741000175476074
Panama,PAN,2019,3.2054998874664307
Papua New Guinea,PNG,2000,0.48579999804496765
Papua New Guinea,PNG,2008,0.4077000021934509
Papua New Guinea,PNG,2010,0.4982999861240387
Papua New Guinea,PNG,2018,0.5429999828338623
Papua New Guinea,PNG,2019,0.4528999924659729
Paraguay,PRY,2013,0.5654000043869019
Paraguay,PRY,2014,0.614300012588501
Paraguay,PRY,2015,0.6665999889373779
Paraguay,PRY,2016,0.7038000226020813
Paraguay,PRY,2017,0.7386999726295471
Peru,PER,1999,0.656000018119812
Peru,PER,2007,3.5869998931884766
Peru,PER,2009,1.30840003490448
Peru,PER,2012,1.5259000062942505
Peru,PER,2013,2.212100028991699
Peru,PER,2014,2.08240008354187
Peru,PER,2015,2.0660998821258545
Peru,PER,2016,2.176100015640259
Peru,PER,2017,2.2130000591278076
Peru,PER,2018,2.9772000312805176
Philippines,PHL,2000,4.316500186920166
Philippines,PHL,2001,4.298099994659424
Philippines,PHL,2002,4.267499923706055
Philippines,PHL,2003,4.236599922180176
Philippines,PHL,2004,4.23859977722168
Philippines,PHL,2005,4.275199890136719
Philippines,PHL,2006,4.404799938201904
Philippines,PHL,2007,4.653600215911865
Philippines,PHL,2008,5.122099876403809
Philippines,PHL,2009,5.646999835968018
Philippines,PHL,2017,5.274400234222412
Philippines,PHL,2018,4.935100078582764
Philippines,PHL,2019,5.443900108337402
Poland,POL,1990,6.105899810791016
Poland,POL,1991,5.980800151824951
Poland,POL,1992,5.949900150299072
Poland,POL,1993,5.943600177764893
Poland,POL,1994,6.065700054168701
Poland,POL,1995,6.137599945068359
Poland,POL,1996,6.230599880218506
Poland,POL,1997,6.278900146484375
Poland,POL,1998,6.160099983215332
Poland,POL,1999,5.699999809265137
Poland,POL,2000,5.488800048828125
Poland,POL,2001,5.407100200653076
Poland,POL,2002,5.394700050354004
Poland,POL,2003,5.265600204467773
Poland,POL,2004,5.4756999015808105
Poland,POL,2005,5.609000205993652
Poland,POL,2006,5.612599849700928
Poland,POL,2007,5.718100070953369
Poland,POL,2008,5.740200042724609
Poland,POL,2009,5.8059000968933105
Poland,POL,2010,5.828000068664551
Poland,POL,2011,5.839200019836426
Poland,POL,2013,5.855100154876709
Poland,POL,2014,5.816800117492676
Poland,POL,2015,5.780200004577637
Poland,POL,2016,5.757500171661377
Poland,POL,2017,5.702899932861328
Poland,POL,2018,6.892600059509277
Portugal,PRT,2002,4.024600028991699
Portugal,PRT,2003,4.2042999267578125
Portugal,PRT,2004,4.372499942779541
Portugal,PRT,2005,4.582499980926514
Portugal,PRT,2006,4.833199977874756
Portugal,PRT,2007,5.114699840545654
Portugal,PRT,2008,5.35230016708374
Portugal,PRT,2009,5.62060022354126
Portugal,PRT,2010,5.892099857330322
Portugal,PRT,2011,6.100399971008301
Portugal,PRT,2012,6.213399887084961
Portugal,PRT,2013,6.283699989318848
Portugal,PRT,2014,6.367700099945068
Portugal,PRT,2015,6.532400131225586
Portugal,PRT,2017,6.957099914550781
Portugal,PRT,2018,6.89870023727417
Qatar,QAT,2001,4.935999870300293
Qatar,QAT,2005,5.638999938964844
Qatar,QAT,2006,6.047699928283691
Qatar,QAT,2008,5.866199970245361
Qatar,QAT,2009,4.589399814605713
Qatar,QAT,2010,5.718400001525879
Qatar,QAT,2014,5.599800109863281
Qatar,QAT,2016,4.954800128936768
Qatar,QAT,2017,6.042900085449219
Qatar,QAT,2018,7.197000026702881
Romania,ROU,2000,5.371600151062012
Romania,ROU,2001,5.456099987030029
Romania,ROU,2002,5.646900177001953
Romania,ROU,2003,5.541100025177002
Romania,ROU,2004,5.624199867248535
Romania,ROU,2005,5.761300086975098
Romania,ROU,2006,5.960000038146973
Romania,ROU,2007,6.027500152587891
Romania,ROU,2008,5.952600002288818
Romania,ROU,2009,6.1269001960754395
Romania,ROU,2010,5.711299896240234
Romania,ROU,2011,5.808700084686279
Romania,ROU,2012,5.936699867248535
Romania,ROU,2013,6.135300159454346
Romania,ROU,2016,6.092199802398682
Russia,RUS,2005,7.732500076293945
Russia,RUS,2006,7.856200218200684
Russia,RUS,2007,7.849299907684326
Russia,RUS,2008,7.695300102233887
Russia,RUS,2009,7.72760009765625
Russia,RUS,2010,7.671000003814697
Russia,RUS,2011,9.145500183105469
Russia,RUS,2012,4.1442999839782715
Russia,RUS,2013,4.255099773406982
Russia,RUS,2014,4.533299922943115
Rwanda,RWA,2004,0.4129999876022339
Rwanda,RWA,2005,0.4480000138282776
Rwanda,RWA,2008,0.6880000233650208
Rwanda,RWA,2009,0.678600013256073
Rwanda,RWA,2011,0.6579999923706055
Rwanda,RWA,2014,0.9308000206947327
Rwanda,RWA,2015,0.9882000088691711
Rwanda,RWA,2016,1.058500051498413
Rwanda,RWA,2018,1.2043999433517456
Rwanda,RWA,2019,0.9480000138282776
Saint Kitts and Nevis,KNA,1990,7.022299766540527
Saint Kitts and Nevis,KNA,1991,7.029699802398682
Saint Kitts and Nevis,KNA,1992,7.0269999504089355
Saint Kitts and Nevis,KNA,1993,6.958600044250488
Saint Kitts and Nevis,KNA,1994,6.057700157165527
Saint Kitts and Nevis,KNA,1995,5.748199939727783
Saint Kitts and Nevis,KNA,1996,5.976500034332275
Saint Kitts and Nevis,KNA,1997,5.664299964904785
Saint Kitts and Nevis,KNA,1998,5.763899803161621
Saint Kitts and Nevis,KNA,1999,6.054999828338623
Saint Kitts and Nevis,KNA,2001,6.591899871826172
Saint Kitts and Nevis,KNA,2015,4.218800067901611
Saint Lucia,LCA,1999,2.135499954223633
Saint Lucia,LCA,2001,2.345099925994873
Saint Lucia,LCA,2003,3.0841000080108643
Saint Lucia,LCA,2004,2.317699909210205
Saint Lucia,LCA,2005,1.9951000213623047
Saint Lucia,LCA,2017,3.1547000408172607
Saint Vincent and the Grenadines,VCT,1997,2.5578999519348145
Saint Vincent and the Grenadines,VCT,2000,4.146599769592285
Saint Vincent and the Grenadines,VCT,2001,4.411499977111816
Saint Vincent and the Grenadines,VCT,2004,4.645199775695801
Saint Vincent and the Grenadines,VCT,2013,9.023900032043457
Saint Vincent and the Grenadines,VCT,2014,9.035799980163574
Saint Vincent and the Grenadines,VCT,2015,9.505000114440918
Saint Vincent and the Grenadines,VCT,2016,8.41100025177002
Saint Vincent and the Grenadines,VCT,2017,6.311500072479248
Saint Vincent and the Grenadines,VCT,2018,7.014500141143799
Samoa,WSM,1999,2.0104000568389893
Samoa,WSM,2003,1.746500015258789
Samoa,WSM,2008,1.8984999656677246
Samoa,WSM,2010,1.5384999513626099
Samoa,WSM,2012,1.7874000072479248
Samoa,WSM,2014,1.8573999404907227
Samoa,WSM,2018,2.4885001182556152
Samoa,WSM,2019,3.4398999214172363
San Marino,SMR,2012,8.847399711608887
San Marino,SMR,2013,8.711700439453125
San Marino,SMR,2014,8.206700325012207
Sao Tome and Principe,STP,2004,2.0039000511169434
Sao Tome and Principe,STP,2015,2.216599941253662
Sao Tome and Principe,STP,2018,1.9242000579833984
Saudi Arabia,SAU,2000,1.7661000490188599
Saudi Arabia,SAU,2008,3.912899971008301
Saudi Arabia,SAU,2009,4.162899971008301
Saudi Arabia,SAU,2010,4.7332000732421875
Saudi Arabia,SAU,2011,4.762800216674805
Saudi Arabia,SAU,2012,4.7916998863220215
Saudi Arabia,SAU,2014,5.201399803161621
Saudi Arabia,SAU,2016,5.670499801635742
Saudi Arabia,SAU,2017,4.39900016784668
Saudi Arabia,SAU,2018,5.47629976272583
Saudi Arabia,SAU,2019,5.817399978637695
Senegal,SEN,2004,0.30410000681877136
Senegal,SEN,2008,0.4377000033855438
Senegal,SEN,2013,0.28630000352859497
Senegal,SEN,2015,0.19189999997615814
Senegal,SEN,2016,0.2996000051498413
Senegal,SEN,2017,0.3127000033855438
Senegal,SEN,2019,0.5404000282287598
Serbia,SRB,2011,7.401100158691406
Serbia,SRB,2012,7.0457000732421875
Serbia,SRB,2013,7.163300037384033
Serbia,SRB,2014,7.3024001121521
Serbia,SRB,2015,7.617400169372559
Serbia,SRB,2016,6.0854997634887695
Seychelles,SYC,2005,4.3968000411987305
Seychelles,SYC,2006,4.625699996948242
Seychelles,SYC,2007,4.561600208282471
Seychelles,SYC,2008,4.497200012207031
Seychelles,SYC,2010,4.512599945068359
Seychelles,SYC,2012,4.524799823760986
Sierra Leone,SLE,2004,0.22290000319480896
Sierra Leone,SLE,2008,0.14350000023841858
Sierra Leone,SLE,2010,0.1437000036239624
Sierra Leone,SLE,2011,0.2669000029563904
Sierra Leone,SLE,2014,0.9538000226020813
Sierra Leone,SLE,2015,0.8188999891281128
Sierra Leone,SLE,2016,0.7468000054359436
Sierra Leone,SLE,2017,0.7986000180244446
Sierra Leone,SLE,2018,0.7524999976158142
Singapore,SGP,1999,4.032400131225586
Singapore,SGP,2001,4.267099857330322
Singapore,SGP,2004,4.627299785614014
Singapore,SGP,2005,4.727700233459473
Singapore,SGP,2006,4.753699779510498
Singapore,SGP,2007,4.877500057220459
Singapore,SGP,2008,5.0690999031066895
Singapore,SGP,2009,5.394400119781494
Singapore,SGP,2010,5.7179999351501465
Singapore,SGP,2011,5.121799945831299
Singapore,SGP,2012,5.477799892425537
Singapore,SGP,2013,5.572700023651123
Singapore,SGP,2014,5.745299816131592
Singapore,SGP,2015,6.009200096130371
Singapore,SGP,2016,6.167799949645996
Singapore,SGP,2017,6.243199825286865
Slovakia,SVK,2000,7.422800064086914
Slovakia,SVK,2001,7.2357001304626465
Slovakia,SVK,2002,7.102099895477295
Slovakia,SVK,2003,6.772299766540527
Slovakia,SVK,2004,6.6203999519348145
Slovakia,SVK,2005,6.304500102996826
Slovakia,SVK,2006,6.320000171661377
Slovakia,SVK,2007,6.612500190734863
Slovakia,SVK,2008,6.581999778747559
Slovakia,SVK,2009,6.383299827575684
Slovakia,SVK,2010,6.405799865722656
Slovakia,SVK,2011,6.263800144195557
Slovakia,SVK,2012,6.139200210571289
Slovakia,SVK,2013,6.06879997253418
Slovakia,SVK,2014,6.071499824523926
Slovakia,SVK,2015,6.009300231933594
Slovakia,SVK,2016,6.0671000480651855
Slovakia,SVK,2017,5.959700107574463
Slovakia,SVK,2018,6.015600204467773
Slovenia,SVN,2000,12.163800239562988
Slovenia,SVN,2001,12.664199829101562
Slovenia,SVN,2002,12.708700180053711
Slovenia,SVN,2003,13.087200164794922
Slovenia,SVN,2004,13.146900177001953
Slovenia,SVN,2005,13.240599632263184
Slovenia,SVN,2006,13.423399925231934
Slovenia,SVN,2007,13.649900436401367
Slovenia,SVN,2008,13.848199844360352
Slovenia,SVN,2009,14.101200103759766
Slovenia,SVN,2010,14.342499732971191
Slovenia,SVN,2011,14.537599563598633
Slovenia,SVN,2012,14.167099952697754
Slovenia,SVN,2013,14.343899726867676
Slovenia,SVN,2014,14.712499618530273
Slovenia,SVN,2015,14.992799758911133
Slovenia,SVN,2016,9.697199821472168
Slovenia,SVN,2017,9.974499702453613
Slovenia,SVN,2018,10.224800109863281
Solomon Islands,SLB,1999,0.8988999724388123
Solomon Islands,SLB,2003,1.4093999862670898
Solomon Islands,SLB,2005,1.4768999814987183
Solomon Islands,SLB,2009,2.096299886703491
Solomon Islands,SLB,2011,1.7857999801635742
Solomon Islands,SLB,2012,1.7371000051498413
Solomon Islands,SLB,2013,1.9937000274658203
Solomon Islands,SLB,2018,2.1642000675201416
Somalia,SOM,1997,0.19099999964237213
Somalia,SOM,2006,0.08969999849796295
Somalia,SOM,2014,0.11190000176429749
South Africa,ZAF,1998,3.9765000343322754
South Africa,ZAF,1999,3.899399995803833
South Africa,ZAF,2000,3.8171000480651855
South Africa,ZAF,2001,3.7816998958587646
South Africa,ZAF,2002,3.745699882507324
South Africa,ZAF,2003,3.803999900817871
South Africa,ZAF,2004,3.9005000591278076
South Africa,ZAF,2013,1.188099980354309
South Africa,ZAF,2014,1.2264000177383423
South Africa,ZAF,2015,1.2692999839782715
South Africa,ZAF,2016,1.3315000534057617
South Africa,ZAF,2017,1.307800054550171
South Asia,,1990,0.37634947896003723
South Asia,,2000,1.078895092010498
South Asia,,2017,1.9638530015945435
South Korea,KOR,2000,2.9609999656677246
South Korea,KOR,2001,3.3570001125335693
South Korea,KOR,2002,3.585900068283081
South Korea,KOR,2003,3.5425000190734863
South Korea,KOR,2004,3.7943999767303467
South Korea,KOR,2005,3.8306000232696533
South Korea,KOR,2006,3.970400094985962
South Korea,KOR,2007,4.136300086975098
South Korea,KOR,2008,4.339200019836426
South Korea,KOR,2009,4.477700233459473
South Korea,KOR,2010,4.638500213623047
South Korea,KOR,2011,4.7459001541137695
South Korea,KOR,2012,4.862100124359131
South Korea,KOR,2013,5.225800037384033
South Korea,KOR,2014,5.6097002029418945
South Korea,KOR,2015,5.984300136566162
South Korea,KOR,2016,7.023200035095215
South Korea,KOR,2017,7.148200035095215
South Korea,KOR,2018,7.462500095367432
Spain,ESP,1990,2.6605000495910645
Spain,ESP,1996,3.2574000358581543
Spain,ESP,1997,3.345400094985962
Spain,ESP,1998,3.3241000175476074
Spain,ESP,1999,3.3691999912261963
Spain,ESP,2000,3.6744000911712646
Spain,ESP,2001,3.987499952316284
Spain,ESP,2002,4.183700084686279
Spain,ESP,2003,4.4039998054504395
Spain,ESP,2004,4.417099952697754
Spain,ESP,2005,4.479300022125244
Spain,ESP,2006,4.577300071716309
Spain,ESP,2007,4.739799976348877
Spain,ESP,2008,4.966899871826172
Spain,ESP,2009,5.088799953460693
Spain,ESP,2010,5.272600173950195
Spain,ESP,2011,5.345300197601318
Spain,ESP,2012,5.380199909210205
Spain,ESP,2013,5.109000205993652
Spain,ESP,2014,5.116399765014648
Spain,ESP,2015,5.443999767303467
Spain,ESP,2016,5.685100078582764
Spain,ESP,2017,5.922699928283691
Spain,ESP,2018,6.079500198364258
Sri Lanka,LKA,1990,0.7372000217437744
Sri Lanka,LKA,1991,0.8015999794006348
Sri Lanka,LKA,1992,0.867900013923645
Sri Lanka,LKA,1993,1.0298999547958374
Sri Lanka,LKA,1994,0.964900016784668
Sri Lanka,LKA,1995,1.0849000215530396
Sri Lanka,LKA,2000,1.1917999982833862
Sri Lanka,LKA,2002,1.0621999502182007
Sri Lanka,LKA,2004,1.7142000198364258
Sri Lanka,LKA,2005,1.4076999425888062
Sri Lanka,LKA,2006,1.6714999675750732
Sri Lanka,LKA,2007,2.050100088119507
Sri Lanka,LKA,2010,1.7454999685287476
Sri Lanka,LKA,2011,1.8234000205993652
Sri Lanka,LKA,2012,1.8324999809265137
Sri Lanka,LKA,2013,1.8401000499725342
Sri Lanka,LKA,2014,1.9132000207901
Sri Lanka,LKA,2015,1.9606000185012817
Sri Lanka,LKA,2016,1.947700023651123
Sri Lanka,LKA,2017,1.9966000318527222
Sri Lanka,LKA,2018,2.180299997329712
Sri Lanka,LKA,2019,2.2604000568389893
Sub-Saharan Africa,,2010,0.7958343625068665
Sub-Saharan Africa,,2017,1.0078575611114502
Sudan,SDN,2004,1.0424000024795532
Sudan,SDN,2006,1.0534000396728516
Sudan,SDN,2007,1.0042999982833862
Sudan,SDN,2008,0.9811999797821045
Sudan,SDN,2014,1.1992000341415405
Sudan,SDN,2015,0.8245000243186951
Sudan,SDN,2018,1.1454999446868896
Suriname,SUR,2000,1.4609999656677246
Suriname,SUR,2013,2.2967000007629395
Suriname,SUR,2014,2.035099983215332
Suriname,SUR,2015,2.0873000621795654
Suriname,SUR,2016,1.954300045967102
Suriname,SUR,2017,1.9280999898910522
Suriname,SUR,2018,2.7569000720977783
Sweden,SWE,1995,10.10949993133545
Sweden,SWE,1996,10.096599578857422
Sweden,SWE,1997,10.023699760437012
Sweden,SWE,1998,10.234100341796875
Sweden,SWE,1999,10.366299629211426
Sweden,SWE,2000,10.288900375366211
Sweden,SWE,2001,10.453499794006348
Sweden,SWE,2002,10.678000450134277
Sweden,SWE,2003,10.793299674987793
Sweden,SWE,2004,10.990500450134277
Sweden,SWE,2005,11.171600341796875
Sweden,SWE,2006,11.32129955291748
Sweden,SWE,2007,11.434499740600586
Sweden,SWE,2008,11.46969985961914
Sweden,SWE,2009,11.48900032043457
Sweden,SWE,2010,11.570799827575684
Sweden,SWE,2011,11.593299865722656
Sweden,SWE,2012,11.633600234985352
Sweden,SWE,2013,11.66510009765625
Sweden,SWE,2014,11.68239974975586
Sweden,SWE,2015,11.729700088500977
Sweden,SWE,2016,11.762200355529785
Sweden,SWE,2017,12.581299781799316
Switzerland,CHE,2000,11.941300392150879
Switzerland,CHE,2001,11.985699653625488
Switzerland,CHE,2002,12.418999671936035
Switzerland,CHE,2003,12.968899726867676
Switzerland,CHE,2004,12.83530044555664
Switzerland,CHE,2005,13.003199577331543
Switzerland,CHE,2006,13.381500244140625
Switzerland,CHE,2007,17.130300521850586
Switzerland,CHE,2008,17.57309913635254
Switzerland,CHE,2009,17.957599639892578
Switzerland,CHE,2010,19.20400047302246
Switzerland,CHE,2011,19.998899459838867
Switzerland,CHE,2012,20.622299194335938
Switzerland,CHE,2013,21.063600540161133
Switzerland,CHE,2014,21.484399795532227
Switzerland,CHE,2015,22.189800262451172
Switzerland,CHE,2016,17.327800750732422
Switzerland,CHE,2017,17.53569984436035
Switzerland,CHE,2018,17.894899368286133
Syria,SYR,1997,2.2246999740600586
Syria,SYR,1998,2.3187999725341797
Syria,SYR,1999,1.9053000211715698
Syria,SYR,2000,1.9543999433517456
Syria,SYR,2002,1.9606000185012817
Syria,SYR,2003,1.850600004196167
Syria,SYR,2004,1.9132000207901
Syria,SYR,2005,1.884600043296814
Syria,SYR,2007,1.8904000520706177
Syria,SYR,2008,1.8423000574111938
Syria,SYR,2009,1.842900037765503
Syria,SYR,2010,1.874899983406067
Syria,SYR,2014,2.3094000816345215
Syria,SYR,2016,1.5405999422073364
Tajikistan,TJK,1990,5.990200042724609
Tajikistan,TJK,1991,6.218400001525879
Tajikistan,TJK,1992,5.899499893188477
Tajikistan,TJK,1993,5.786900043487549
Tajikistan,TJK,1994,5.525400161743164
Tajikistan,TJK,1995,5.017199993133545
Tajikistan,TJK,1996,4.948599815368652
Tajikistan,TJK,1997,4.868100166320801
Tajikistan,TJK,1998,4.450699806213379
Tajikistan,TJK,1999,4.361299991607666
Tajikistan,TJK,2000,4.181600093841553
Tajikistan,TJK,2001,3.8945999145507812
Tajikistan,TJK,2002,3.859999895095825
Tajikistan,TJK,2003,3.5648999214172363
Tajikistan,TJK,2004,3.526700019836426
Tajikistan,TJK,2005,3.4639999866485596
Tajikistan,TJK,2006,3.5069000720977783
Tajikistan,TJK,2007,3.52239990234375
Tajikistan,TJK,2008,3.55679988861084
Tajikistan,TJK,2009,3.5968000888824463
Tajikistan,TJK,2010,3.951200008392334
Tajikistan,TJK,2011,4.05679988861084
Tajikistan,TJK,2012,4.395899772644043
Tajikistan,TJK,2013,5.014999866485596
Tajikistan,TJK,2014,4.753399848937988
Tanzania,TZA,2002,0.37619999051094055
Tanzania,TZA,2006,0.2387000024318695
Tanzania,TZA,2012,0.44209998846054077
Tanzania,TZA,2014,0.43140000104904175
Tanzania,TZA,2017,0.5842999815940857
Thailand,THA,1991,0.7109000086784363
Thailand,THA,1993,0.800000011920929
Thailand,THA,1995,0.9125000238418579
Thailand,THA,1997,0.9264000058174133
Thailand,THA,1998,1.034500002861023
Thailand,THA,1999,1.091599941253662
Thailand,THA,2001,1.2281999588012695
Thailand,THA,2002,1.3216999769210815
Thailand,THA,2004,1.4879000186920166
Thailand,THA,2006,1.544800043106079
Thailand,THA,2007,1.5283000469207764
Thailand,THA,2008,1.5842000246047974
Thailand,THA,2009,1.6419999599456787
Thailand,THA,2010,2.064300060272217
Thailand,THA,2015,2.368299961090088
Thailand,THA,2016,2.77239990234375
Thailand,THA,2017,2.9572999477386475
Thailand,THA,2018,2.7592999935150146
Thailand,THA,2019,3.1521999835968018
Timor,TLS,2004,1.8468999862670898
Timor,TLS,2007,1.0198999643325806
Timor,TLS,2008,1.0450999736785889
Timor,TLS,2009,1.1318999528884888
Timor,TLS,2010,1.1476999521255493
Timor,TLS,2011,1.152500033378601
Timor,TLS,2014,1.402500033378601
Timor,TLS,2015,1.482100009918213
Timor,TLS,2017,1.7412999868392944
Timor,TLS,2018,1.6679999828338623
Timor,TLS,2019,1.7554999589920044
Togo,TGO,2004,0.35429999232292175
Togo,TGO,2007,0.41749998927116394
Togo,TGO,2008,0.2985000014305115
Togo,TGO,2015,0.301800012588501
Togo,TGO,2016,0.31690001487731934
Togo,TGO,2017,0.42010000348091125
Togo,TGO,2018,0.41019999980926514
Togo,TGO,2019,0.4643000066280365
Tonga,TON,2001,3.461899995803833
Tonga,TON,2002,3.535399913787842
Tonga,TON,2008,3.5202999114990234
Tonga,TON,2009,3.6380999088287354
Tonga,TON,2010,3.8461999893188477
Tonga,TON,2013,4.007900238037109
Tonga,TON,2018,4.1570000648498535
Tonga,TON,2019,4.33489990234375
Trinidad and Tobago,TTO,1995,2.979599952697754
Trinidad and Tobago,TTO,1996,2.267199993133545
Trinidad and Tobago,TTO,1997,2.294800043106079
Trinidad and Tobago,TTO,1998,2.727299928665161
Trinidad and Tobago,TTO,1999,2.8870999813079834
Trinidad and Tobago,TTO,2000,2.599400043487549
Trinidad and Tobago,TTO,2001,2.777600049972534
Trinidad and Tobago,TTO,2002,2.986999988555908
Trinidad and Tobago,TTO,2003,3.1006999015808105
Trinidad and Tobago,TTO,2006,3.5536999702453613
Trinidad and Tobago,TTO,2007,3.5743000507354736
Trinidad and Tobago,TTO,2009,3.47189998626709
Trinidad and Tobago,TTO,2010,2.9402999877929688
Trinidad and Tobago,TTO,2011,3.2771999835968018
Trinidad and Tobago,TTO,2015,3.4832000732421875
Trinidad and Tobago,TTO,2016,4.263899803161621
Tunisia,TUN,2003,2.0787999629974365
Tunisia,TUN,2004,2.847399950027466
Tunisia,TUN,2008,2.1756999492645264
Tunisia,TUN,2009,2.1528000831604004
Tunisia,TUN,2010,2.2411999702453613
Tunisia,TUN,2014,2.651099920272827
Tunisia,TUN,2015,2.6700000762939453
Tunisia,TUN,2016,2.6582999229431152
Tunisia,TUN,2017,2.5136001110076904
Turkey,TUR,2000,1.7575000524520874
Turkey,TUR,2001,1.7805999517440796
Turkey,TUR,2002,1.7480000257492065
Turkey,TUR,2003,1.7574000358581543
Turkey,TUR,2004,1.7755999565124512
Turkey,TUR,2005,1.7926000356674194
Turkey,TUR,2006,1.8487000465393066
Turkey,TUR,2007,2.0383999347686768
Turkey,TUR,2008,2.0957999229431152
Turkey,TUR,2009,2.1666998863220215
Turkey,TUR,2010,2.282900094985962
Turkey,TUR,2011,2.4084999561309814
Turkey,TUR,2012,2.523400068283081
Turkey,TUR,2013,2.541599988937378
Turkey,TUR,2014,2.52839994430542
Turkey,TUR,2015,2.621799945831299
Turkey,TUR,2016,2.5731000900268555
Turkey,TUR,2017,2.710700035095215
Turkey,TUR,2018,3.002700090408325
Turkmenistan,TKM,2000,8.011799812316895
Turkmenistan,TKM,2001,7.9644999504089355
Turkmenistan,TKM,2002,6.783299922943115
Turkmenistan,TKM,2003,7.210599899291992
Turkmenistan,TKM,2004,5.2332000732421875
Turkmenistan,TKM,2005,4.946499824523926
Turkmenistan,TKM,2006,4.7870001792907715
Turkmenistan,TKM,2007,4.603400230407715
Turkmenistan,TKM,2008,4.541100025177002
Turkmenistan,TKM,2009,4.502999782562256
Turkmenistan,TKM,2010,4.513500213623047
Turkmenistan,TKM,2011,4.513599872589111
Turkmenistan,TKM,2012,4.496300220489502
Turkmenistan,TKM,2013,4.445300102233887
Turkmenistan,TKM,2014,4.427299976348877
Tuvalu,TUV,2002,4.0625
Tuvalu,TUV,2003,5.154600143432617
Tuvalu,TUV,2008,6.213600158691406
Uganda,UGA,2005,1.3590999841690063
Uganda,UGA,2012,1.1811000108718872
Uganda,UGA,2013,1.3208999633789062
Uganda,UGA,2014,1.229599952697754
Uganda,UGA,2015,1.55649995803833
Uganda,UGA,2016,1.6401000022888184
Uganda,UGA,2017,1.4686000347137451
Uganda,UGA,2018,1.2381999492645264
Ukraine,UKR,2000,6.595300197601318
Ukraine,UKR,2001,6.573200225830078
Ukraine,UKR,2002,6.5594000816345215
Ukraine,UKR,2003,6.579899787902832
Ukraine,UKR,2004,6.600599765777588
Ukraine,UKR,2005,6.640699863433838
Ukraine,UKR,2006,6.650300025939941
Ukraine,UKR,2007,6.6468000411987305
Ukraine,UKR,2008,6.608099937438965
Ukraine,UKR,2009,7.544000148773193
Ukraine,UKR,2010,7.47189998626709
Ukraine,UKR,2011,7.471099853515625
Ukraine,UKR,2012,7.513199806213379
Ukraine,UKR,2013,7.570199966430664
Ukraine,UKR,2014,6.660999774932861
United Arab Emirates,ARE,1990,2.8320000171661377
United Arab Emirates,ARE,1991,3.8317999839782715
United Arab Emirates,ARE,1992,4.001699924468994
United Arab Emirates,ARE,1993,3.809799909591675
United Arab Emirates,ARE,1994,3.7072999477386475
United Arab Emirates,ARE,1995,3.5808000564575195
United Arab Emirates,ARE,1996,3.564300060272217
United Arab Emirates,ARE,1997,3.5508999824523926
United Arab Emirates,ARE,1998,4.368000030517578
United Arab Emirates,ARE,1999,3.640899896621704
United Arab Emirates,ARE,2000,3.4010000228881836
United Arab Emirates,ARE,2001,3.7181999683380127
United Arab Emirates,ARE,2002,3.797600030899048
United Arab Emirates,ARE,2003,3.9547998905181885
United Arab Emirates,ARE,2004,3.3515000343322754
United Arab Emirates,ARE,2005,2.9999001026153564
United Arab Emirates,ARE,2006,2.7999000549316406
United Arab Emirates,ARE,2007,2.9802000522613525
United Arab Emirates,ARE,2008,2.8180999755859375
United Arab Emirates,ARE,2009,2.924299955368042
United Arab Emirates,ARE,2010,2.652899980545044
United Arab Emirates,ARE,2011,2.855799913406372
United Arab Emirates,ARE,2012,3.0099000930786133
United Arab Emirates,ARE,2013,3.3401999473571777
United Arab Emirates,ARE,2014,3.958899974822998
United Arab Emirates,ARE,2015,4.982800006866455
United Arab Emirates,ARE,2016,5.531099796295166
United Arab Emirates,ARE,2017,5.6828999519348145
United Arab Emirates,ARE,2018,5.727099895477295
United Kingdom,GBR,2000,10.763799667358398
United Kingdom,GBR,2001,11.002300262451172
United Kingdom,GBR,2002,11.347900390625
United Kingdom,GBR,2003,11.621399879455566
United Kingdom,GBR,2004,11.761899948120117
United Kingdom,GBR,2005,11.869999885559082
United Kingdom,GBR,2006,11.569999694824219
United Kingdom,GBR,2007,11.026599884033203
United Kingdom,GBR,2008,10.934399604797363
United Kingdom,GBR,2009,10.678299903869629
United Kingdom,GBR,2010,10.499099731445312
United Kingdom,GBR,2011,10.17240047454834
United Kingdom,GBR,2012,9.818900108337402
United Kingdom,GBR,2013,9.797800064086914
United Kingdom,GBR,2014,9.776000022888184
United Kingdom,GBR,2015,9.735699653625488
United Kingdom,GBR,2016,8.275099754333496
United Kingdom,GBR,2017,8.224499702453613
United Kingdom,GBR,2018,8.172300338745117
United Kingdom,GBR,2019,10.292200088500977
United States,USA,1995,8.9399995803833
United States,USA,2000,9.467300415039062
United States,USA,2005,9.917699813842773
United States,USA,2010,12.592700004577637
United States,USA,2017,14.581199645996094
United States,USA,2018,15.6850004196167
Upper middle income,,1990,1.1332504749298096
Upper middle income,,2000,1.7254893779754639
Upper middle income,,2017,3.3213229179382324
Uruguay,URY,2006,2.991499900817871
Uruguay,URY,2008,5.866399765014648
Uruguay,URY,2018,9.991299629211426
Uruguay,URY,2019,7.217299938201904
Uzbekistan,UZB,1990,11.466500282287598
Uzbekistan,UZB,1991,11.880599975585938
Uzbekistan,UZB,1992,11.917499542236328
Uzbekistan,UZB,1993,11.883500099182129
Uzbekistan,UZB,1994,10.319299697875977
Uzbekistan,UZB,1995,10.583200454711914
Uzbekistan,UZB,1996,10.99779987335205
Uzbekistan,UZB,1997,11.085100173950195
Uzbekistan,UZB,1998,10.916600227355957
Uzbekistan,UZB,1999,10.92770004272461
Uzbekistan,UZB,2000,10.902400016784668
Uzbekistan,UZB,2001,10.877300262451172
Uzbekistan,UZB,2002,10.839599609375
Uzbekistan,UZB,2003,10.775300025939941
Uzbekistan,UZB,2004,10.690500259399414
Uzbekistan,UZB,2005,10.979399681091309
Uzbekistan,UZB,2006,10.786399841308594
Uzbekistan,UZB,2007,10.872400283813477
Uzbekistan,UZB,2008,11.134200096130371
Uzbekistan,UZB,2009,11.17300033569336
Uzbekistan,UZB,2010,11.379400253295898
Uzbekistan,UZB,2011,11.424400329589844
Uzbekistan,UZB,2012,11.396400451660156
Uzbekistan,UZB,2013,11.325900077819824
Uzbekistan,UZB,2014,11.280400276184082
Vanuatu,VUT,1997,2.4470999240875244
Vanuatu,VUT,2004,1.763800024986267
Vanuatu,VUT,2007,1.567199945449829
Vanuatu,VUT,2008,1.691100001335144
Vanuatu,VUT,2012,1.8396999835968018
Vanuatu,VUT,2018,1.4247000217437744
Vanuatu,VUT,2019,1.4205000400543213
Venezuela,VEN,1997,0.6577000021934509
Venezuela,VEN,2001,1.1361000537872314
Venezuela,VEN,2017,2.009999990463257
Venezuela,VEN,2018,2.0662999153137207
Vietnam,VNM,2001,0.7332000136375427
Vietnam,VNM,2002,0.7580999732017517
Vietnam,VNM,2005,0.8309999704360962
Vietnam,VNM,2006,0.8797000050544739
Vietnam,VNM,2007,0.949999988079071
Vietnam,VNM,2008,1.0206999778747559
Vietnam,VNM,2009,1.1081000566482544
Vietnam,VNM,2010,1.232699990272522
Vietnam,VNM,2012,1.4523999691009521
Vietnam,VNM,2013,0.2867000102996826
Vietnam,VNM,2014,1.429900050163269
Vietnam,VNM,2015,1.4227999448776245
Vietnam,VNM,2016,1.4463000297546387
World,OWID_WRL,2000,3.07936954498291
World,OWID_WRL,2017,3.9612905979156494
Yemen,YEM,1997,0.4147999882698059
Yemen,YEM,2004,0.703499972820282
Yemen,YEM,2010,0.7164999842643738
Yemen,YEM,2013,0.8648999929428101
Yemen,YEM,2014,0.8788999915122986
Yemen,YEM,2015,0.7242000102996826
Yemen,YEM,2016,0.7484999895095825
Yemen,YEM,2017,0.7681999802589417
Yemen,YEM,2018,0.7851999998092651
Zambia,ZMB,2005,0.7059000134468079
Zambia,ZMB,2006,0.6875
Zambia,ZMB,2008,0.7075999975204468
Zambia,ZMB,2009,0.7185999751091003
Zambia,ZMB,2010,0.7300000190734863
Zambia,ZMB,2017,0.9309999942779541
Zambia,ZMB,2018,1.0226999521255493
Zimbabwe,ZWE,1990,1.4539999961853027
Zimbabwe,ZWE,1995,1.5267000198364258
Zimbabwe,ZWE,2009,0.9491000175476074
Zimbabwe,ZWE,2010,0.8288999795913696
Zimbabwe,ZWE,2011,1.320099949836731
Zimbabwe,ZWE,2012,1.1845999956130981
Zimbabwe,ZWE,2013,1.402400016784668
Zimbabwe,ZWE,2014,1.5371999740600586
Zimbabwe,ZWE,2015,1.3825000524520874
Zimbabwe,ZWE,2016,1.399999976158142
Zimbabwe,ZWE,2017,2.5971999168395996
Zimbabwe,ZWE,2018,1.9345999956130981