Entity,Code,Year,Poverty headcount ratio at national poverty lines (% of population)
Afghanistan,AFG,2007,33.70000076293945
Afghanistan,AFG,2011,38.29999923706055
Afghanistan,AFG,2016,54.5
Albania,ALB,2002,25.399999618530273
Albania,ALB,2005,18.5
Albania,ALB,2008,12.399999618530273
Albania,ALB,2012,14.300000190734863
Albania,ALB,2016,23.700000762939453
Albania,ALB,2017,23.399999618530273
Albania,ALB,2018,23
Albania,ALB,2019,21.799999237060547
Algeria,DZA,2011,5.5
Angola,AGO,2018,32.29999923706055
Argentina,ARG,2016,30.299999237060547
Argentina,ARG,2017,25.700000762939453
Argentina,ARG,2018,32
Argentina,ARG,2019,35.5
Argentina,ARG,2020,42
Armenia,ARM,2019,26.399999618530273
Armenia,ARM,2020,27
Austria,AUT,2002,13.199999809265137
Austria,AUT,2003,13
Austria,AUT,2004,12.600000381469727
Austria,AUT,2005,12.600000381469727
Austria,AUT,2006,12
Austria,AUT,2007,15.199999809265137
Austria,AUT,2008,14.5
Austria,AUT,2009,14.699999809265137
Austria,AUT,2010,14.5
Austria,AUT,2011,14.399999618530273
Austria,AUT,2012,14.399999618530273
Austria,AUT,2013,14.100000381469727
Austria,AUT,2014,13.899999618530273
Austria,AUT,2015,14.100000381469727
Austria,AUT,2016,14.399999618530273
Austria,AUT,2017,14.300000190734863
Austria,AUT,2018,13.300000190734863
Austria,AUT,2019,13.899999618530273
Azerbaijan,AZE,2001,49.599998474121094
Azerbaijan,AZE,2007,15.800000190734863
Azerbaijan,AZE,2008,13.199999809265137
Azerbaijan,AZE,2009,10.899999618530273
Azerbaijan,AZE,2010,9.100000381469727
Azerbaijan,AZE,2011,7.599999904632568
Azerbaijan,AZE,2012,6
Bangladesh,BGD,2000,48.900001525878906
Bangladesh,BGD,2005,40
Bangladesh,BGD,2010,31.5
Bangladesh,BGD,2016,24.299999237060547
Belarus,BLR,2000,41.900001525878906
Belarus,BLR,2001,28.899999618530273
Belarus,BLR,2002,30.5
Belarus,BLR,2003,27.100000381469727
Belarus,BLR,2004,17.799999237060547
Belarus,BLR,2005,12.699999809265137
Belarus,BLR,2006,11.100000381469727
Belarus,BLR,2007,7.699999809265137
Belarus,BLR,2008,6.099999904632568
Belarus,BLR,2009,5.400000095367432
Belarus,BLR,2010,5.199999809265137
Belarus,BLR,2011,7.300000190734863
Belarus,BLR,2012,6.300000190734863
Belarus,BLR,2013,5.5
Belarus,BLR,2014,4.800000190734863
Belarus,BLR,2015,5.099999904632568
Belarus,BLR,2016,5.699999809265137
Belarus,BLR,2017,5.900000095367432
Belarus,BLR,2018,5.599999904632568
Belarus,BLR,2019,5
Belarus,BLR,2020,4.800000190734863
Belgium,BEL,2018,14.800000190734863
Belgium,BEL,2019,14.100000381469727
Benin,BEN,2006,37.5
Benin,BEN,2007,33
Benin,BEN,2010,35.20000076293945
Benin,BEN,2011,36.20000076293945
Benin,BEN,2015,40.099998474121094
Benin,BEN,2019,38.5
Bhutan,BTN,2007,23.200000762939453
Bhutan,BTN,2012,12
Bhutan,BTN,2017,8.199999809265137
Bolivia,BOL,2019,37.20000076293945
Bolivia,BOL,2020,39
Bosnia and Herzegovina,BIH,2007,18.200000762939453
Bosnia and Herzegovina,BIH,2011,17.899999618530273
Bosnia and Herzegovina,BIH,2015,16.899999618530273
Botswana,BWA,1985,59
Botswana,BWA,1993,32.900001525878906
Botswana,BWA,2002,30.600000381469727
Botswana,BWA,2009,19.299999237060547
Bulgaria,BGR,2015,22.899999618530273
Bulgaria,BGR,2016,23.399999618530273
Bulgaria,BGR,2017,22
Bulgaria,BGR,2018,22.600000381469727
Bulgaria,BGR,2019,23.799999237060547
Burkina Faso,BFA,2018,41.400001525878906
Burundi,BDI,2006,67.0999984741211
Burundi,BDI,2013,64.9000015258789
Cambodia,KHM,2003,50.20000076293945
Cambodia,KHM,2006,45
Cambodia,KHM,2008,34
Cambodia,KHM,2009,23.899999618530273
Cambodia,KHM,2010,22.100000381469727
Cambodia,KHM,2011,20.5
Cambodia,KHM,2012,17.700000762939453
Cameroon,CMR,1996,53.29999923706055
Cameroon,CMR,2001,40.20000076293945
Cameroon,CMR,2007,39.900001525878906
Cameroon,CMR,2014,37.5
Cape Verde,CPV,2001,58
Cape Verde,CPV,2007,46
Cape Verde,CPV,2015,35
Central African Republic,CAF,2008,62
Chad,TCD,2018,42.29999923706055
Chile,CHL,2000,36
Chile,CHL,2003,35.400001525878906
Chile,CHL,2006,29.100000381469727
Chile,CHL,2009,25.299999237060547
Chile,CHL,2011,22.200000762939453
Chile,CHL,2013,14.399999618530273
Chile,CHL,2015,11.699999809265137
Chile,CHL,2017,8.600000381469727
Chile,CHL,2020,10.800000190734863
China,CHN,2000,49.79999923706055
China,CHN,2005,30.200000762939453
China,CHN,2010,17.200000762939453
China,CHN,2011,12.699999809265137
China,CHN,2012,10.199999809265137
China,CHN,2013,8.5
China,CHN,2014,7.199999809265137
China,CHN,2015,5.699999809265137
China,CHN,2016,4.5
China,CHN,2017,3.0999999046325684
China,CHN,2018,1.7000000476837158
China,CHN,2019,0.6000000238418579
China,CHN,2020,0
Colombia,COL,2019,35.70000076293945
Colombia,COL,2020,42.5
Comoros,COM,2013,42.400001525878906
Congo,COG,2005,50.70000076293945
Congo,COG,2011,40.900001525878906
Costa Rica,CRI,2011,24.799999237060547
Costa Rica,CRI,2012,23.5
Costa Rica,CRI,2013,23.299999237060547
Costa Rica,CRI,2014,24.600000381469727
Costa Rica,CRI,2015,23.600000381469727
Costa Rica,CRI,2016,22.899999618530273
Costa Rica,CRI,2017,22.100000381469727
Costa Rica,CRI,2018,22.899999618530273
Costa Rica,CRI,2019,23.899999618530273
Costa Rica,CRI,2020,30
Cote d'Ivoire,CIV,2015,44.400001525878906
Cote d'Ivoire,CIV,2018,39.5
Croatia,HRV,2009,20.600000381469727
Croatia,HRV,2010,20.899999618530273
Croatia,HRV,2011,20.399999618530273
Croatia,HRV,2012,19.5
Croatia,HRV,2013,19.399999618530273
Croatia,HRV,2014,20
Croatia,HRV,2015,19.5
Croatia,HRV,2016,20
Croatia,HRV,2017,19.299999237060547
Croatia,HRV,2018,18.299999237060547
Croatia,HRV,2019,18.299999237060547
Cyprus,CYP,2004,16.100000381469727
Cyprus,CYP,2005,15.600000381469727
Cyprus,CYP,2006,15.5
Cyprus,CYP,2007,15.899999618530273
Cyprus,CYP,2008,15.800000190734863
Cyprus,CYP,2009,15.600000381469727
Cyprus,CYP,2010,14.800000190734863
Cyprus,CYP,2011,14.699999809265137
Cyprus,CYP,2012,15.300000190734863
Cyprus,CYP,2013,14.399999618530273
Cyprus,CYP,2014,16.200000762939453
Cyprus,CYP,2015,16.100000381469727
Cyprus,CYP,2016,15.699999809265137
Cyprus,CYP,2017,15.399999618530273
Cyprus,CYP,2018,14.699999809265137
Cyprus,CYP,2019,14.300000190734863
Czechia,CZE,2005,9.800000190734863
Czechia,CZE,2014,9.699999809265137
Czechia,CZE,2015,9.699999809265137
Czechia,CZE,2016,9.100000381469727
Czechia,CZE,2017,9.600000381469727
Czechia,CZE,2018,10.100000381469727
Czechia,CZE,2019,9.5
Democratic Republic of Congo,COD,2004,69.30000305175781
Democratic Republic of Congo,COD,2012,63.900001525878906
Denmark,DNK,2019,12.100000381469727
Djibouti,DJI,2017,21.100000381469727
Dominican Republic,DOM,2017,25.600000381469727
Dominican Republic,DOM,2018,22.799999237060547
Dominican Republic,DOM,2019,21
Ecuador,ECU,2007,36.70000076293945
Ecuador,ECU,2008,35.099998474121094
Ecuador,ECU,2009,36
Ecuador,ECU,2010,32.79999923706055
Ecuador,ECU,2011,28.600000381469727
Ecuador,ECU,2012,27.299999237060547
Ecuador,ECU,2013,25.600000381469727
Ecuador,ECU,2014,22.5
Ecuador,ECU,2015,23.299999237060547
Ecuador,ECU,2016,22.899999618530273
Ecuador,ECU,2017,21.5
Ecuador,ECU,2018,23.200000762939453
Ecuador,ECU,2019,25
Ecuador,ECU,2020,33
Egypt,EGY,2015,27.799999237060547
Egypt,EGY,2017,32.5
El Salvador,SLV,2020,26.200000762939453
Equatorial Guinea,GNQ,2006,76.80000305175781
Eritrea,ERI,1993,69
Estonia,EST,2003,20.200000762939453
Estonia,EST,2004,18.299999237060547
Estonia,EST,2005,18.299999237060547
Estonia,EST,2006,19.399999618530273
Estonia,EST,2007,19.5
Estonia,EST,2008,19.700000762939453
Estonia,EST,2009,15.800000190734863
Estonia,EST,2010,17.5
Estonia,EST,2011,17.5
Estonia,EST,2012,18.600000381469727
Estonia,EST,2014,21.600000381469727
Estonia,EST,2015,21.700000762939453
Estonia,EST,2016,21
Estonia,EST,2017,21.899999618530273
Estonia,EST,2018,21.700000762939453
Estonia,EST,2019,20.700000762939453
Eswatini,SWZ,2000,69
Eswatini,SWZ,2009,63
Eswatini,SWZ,2016,58.900001525878906
Ethiopia,ETH,1995,45.5
Ethiopia,ETH,1999,44.20000076293945
Ethiopia,ETH,2004,38.70000076293945
Ethiopia,ETH,2010,29.600000381469727
Ethiopia,ETH,2015,23.5
Fiji,FJI,2019,24.100000381469727
Finland,FIN,2003,11
Finland,FIN,2004,11.699999809265137
Finland,FIN,2005,12.600000381469727
Finland,FIN,2006,13
Finland,FIN,2007,13.600000381469727
Finland,FIN,2008,13.800000190734863
Finland,FIN,2009,13.100000381469727
Finland,FIN,2010,13.699999809265137
Finland,FIN,2011,13.199999809265137
Finland,FIN,2012,11.800000190734863
Finland,FIN,2013,12.800000190734863
Finland,FIN,2014,12.399999618530273
Finland,FIN,2015,11.600000381469727
Finland,FIN,2016,11.5
Finland,FIN,2017,12
Finland,FIN,2018,11.600000381469727
Finland,FIN,2019,12.199999809265137
France,FRA,2019,13.800000190734863
Gabon,GAB,2005,32.70000076293945
Gabon,GAB,2017,33.400001525878906
Gambia,GMB,2010,48.099998474121094
Gambia,GMB,2015,48.599998474121094
Georgia,GEO,2004,34.29999923706055
Georgia,GEO,2005,35.400001525878906
Georgia,GEO,2006,36.900001525878906
Georgia,GEO,2007,38.79999923706055
Georgia,GEO,2008,34.900001525878906
Georgia,GEO,2009,34.900001525878906
Georgia,GEO,2010,37.29999923706055
Georgia,GEO,2011,34.099998474121094
Georgia,GEO,2012,30
Georgia,GEO,2013,26.200000762939453
Georgia,GEO,2014,23.5
Georgia,GEO,2015,21.600000381469727
Georgia,GEO,2016,22
Georgia,GEO,2017,21.899999618530273
Georgia,GEO,2018,20.100000381469727
Georgia,GEO,2019,19.5
Georgia,GEO,2020,21.299999237060547
Germany,DEU,2004,12.199999809265137
Germany,DEU,2005,12.5
Germany,DEU,2006,15.199999809265137
Germany,DEU,2007,15.199999809265137
Germany,DEU,2008,15.5
Germany,DEU,2009,15.600000381469727
Germany,DEU,2010,15.800000190734863
Germany,DEU,2011,16.100000381469727
Germany,DEU,2012,16.100000381469727
Germany,DEU,2013,16.700000762939453
Germany,DEU,2014,16.700000762939453
Germany,DEU,2015,16.5
Germany,DEU,2016,16.100000381469727
Germany,DEU,2017,16
Germany,DEU,2018,18.899999618530273
Germany,DEU,2019,18.5
Ghana,GHA,2005,31.899999618530273
Ghana,GHA,2012,24.200000762939453
Ghana,GHA,2016,23.399999618530273
Greece,GRC,2002,20.700000762939453
Greece,GRC,2003,19.899999618530273
Greece,GRC,2004,19.600000381469727
Greece,GRC,2005,20.5
Greece,GRC,2006,20.299999237060547
Greece,GRC,2007,20.100000381469727
Greece,GRC,2008,19.700000762939453
Greece,GRC,2009,20.100000381469727
Greece,GRC,2010,21.399999618530273
Greece,GRC,2011,23.100000381469727
Greece,GRC,2012,23.100000381469727
Greece,GRC,2013,22.100000381469727
Greece,GRC,2014,21.399999618530273
Greece,GRC,2015,21.200000762939453
Greece,GRC,2016,20.200000762939453
Greece,GRC,2017,18.5
Greece,GRC,2018,17.899999618530273
Greece,GRC,2019,17.700000762939453
Guatemala,GTM,2000,56
Guatemala,GTM,2006,51
Guatemala,GTM,2014,59.29999923706055
Guinea,GIN,2018,43.70000076293945
Guinea-Bissau,GNB,2002,64.69999694824219
Guinea-Bissau,GNB,2010,48.70000076293945
Guinea-Bissau,GNB,2018,47.70000076293945
Haiti,HTI,2012,58.5
Honduras,HND,2014,49.70000076293945
Honduras,HND,2015,51.5
Honduras,HND,2016,49.70000076293945
Honduras,HND,2017,49.79999923706055
Honduras,HND,2018,50.400001525878906
Honduras,HND,2019,48
Hungary,HUN,2015,14.5
Hungary,HUN,2016,13.399999618530273
Hungary,HUN,2017,12.800000190734863
Hungary,HUN,2018,12.300000190734863
Hungary,HUN,2019,12.300000190734863
Iceland,ISL,2003,10
Iceland,ISL,2004,9.699999809265137
Iceland,ISL,2005,9.600000381469727
Iceland,ISL,2006,10.100000381469727
Iceland,ISL,2007,10.100000381469727
Iceland,ISL,2008,10.199999809265137
Iceland,ISL,2009,9.800000190734863
Iceland,ISL,2010,9.199999809265137
Iceland,ISL,2011,7.900000095367432
Iceland,ISL,2012,9.300000190734863
Iceland,ISL,2013,7.900000095367432
Iceland,ISL,2014,9.199999809265137
Iceland,ISL,2015,8.800000190734863
Iceland,ISL,2016,10.100000381469727
Iceland,ISL,2017,8.800000190734863
India,IND,1993,45.29999923706055
India,IND,2004,37.20000076293945
India,IND,2009,29.799999237060547
India,IND,2011,21.899999618530273
Indonesia,IDN,2000,19.100000381469727
Indonesia,IDN,2001,18.399999618530273
Indonesia,IDN,2002,18.200000762939453
Indonesia,IDN,2003,17.399999618530273
Indonesia,IDN,2004,16.700000762939453
Indonesia,IDN,2005,16
Indonesia,IDN,2006,17.799999237060547
Indonesia,IDN,2007,16.600000381469727
Indonesia,IDN,2008,15.399999618530273
Indonesia,IDN,2009,14.100000381469727
Indonesia,IDN,2010,13.300000190734863
Indonesia,IDN,2011,12.5
Indonesia,IDN,2012,12
Indonesia,IDN,2013,11.399999618530273
Indonesia,IDN,2014,11.300000190734863
Indonesia,IDN,2015,11.199999809265137
Indonesia,IDN,2016,10.899999618530273
Indonesia,IDN,2017,10.600000381469727
Indonesia,IDN,2018,9.800000190734863
Indonesia,IDN,2019,9.399999618530273
Indonesia,IDN,2020,9.800000190734863
Iraq,IRQ,2006,22.399999618530273
Iraq,IRQ,2012,18.899999618530273
Ireland,IRL,2019,13.899999618530273
Italy,ITA,2003,18.899999618530273
Italy,ITA,2004,19.200000762939453
Italy,ITA,2005,19.299999237060547
Italy,ITA,2006,19.5
Italy,ITA,2007,18.899999618530273
Italy,ITA,2008,18.399999618530273
Italy,ITA,2009,18.700000762939453
Italy,ITA,2010,19.799999237060547
Italy,ITA,2011,19.5
Italy,ITA,2012,19.299999237060547
Italy,ITA,2013,19.399999618530273
Italy,ITA,2014,19.899999618530273
Italy,ITA,2015,20.600000381469727
Italy,ITA,2016,20.299999237060547
Italy,ITA,2017,20.299999237060547
Italy,ITA,2018,20.100000381469727
Jamaica,JAM,1989,30.5
Jamaica,JAM,1990,28.399999618530273
Jamaica,JAM,1991,44.599998474121094
Jamaica,JAM,1992,33.900001525878906
Jamaica,JAM,1993,24.399999618530273
Jamaica,JAM,1994,22.799999237060547
Jamaica,JAM,1995,27.5
Jamaica,JAM,1996,26.100000381469727
Jamaica,JAM,1997,19.899999618530273
Jamaica,JAM,1998,15.899999618530273
Jamaica,JAM,1999,16.899999618530273
Jamaica,JAM,2000,18.700000762939453
Jamaica,JAM,2001,16.899999618530273
Jamaica,JAM,2002,19.700000762939453
Jamaica,JAM,2003,19.100000381469727
Jamaica,JAM,2004,16.899999618530273
Jamaica,JAM,2005,14.800000190734863
Jamaica,JAM,2006,14.300000190734863
Jamaica,JAM,2007,9.899999618530273
Jamaica,JAM,2008,12.300000190734863
Jamaica,JAM,2009,16.5
Jamaica,JAM,2010,17.600000381469727
Jamaica,JAM,2012,19.899999618530273
Jordan,JOR,2018,15.699999809265137
Kazakhstan,KAZ,2018,4.300000190734863
Kazakhstan,KAZ,2019,4.300000190734863
Kazakhstan,KAZ,2020,5.300000190734863
Kenya,KEN,2005,46.79999923706055
Kenya,KEN,2015,36.099998474121094
Kiribati,KIR,2020,21.899999618530273
Kosovo,OWID_KOS,2012,22.899999618530273
Kosovo,OWID_KOS,2013,17.600000381469727
Kosovo,OWID_KOS,2014,21.100000381469727
Kosovo,OWID_KOS,2015,17.600000381469727
Kyrgyzstan,KGZ,2006,39.900001525878906
Kyrgyzstan,KGZ,2007,35
Kyrgyzstan,KGZ,2008,31.700000762939453
Kyrgyzstan,KGZ,2009,31.700000762939453
Kyrgyzstan,KGZ,2010,33.70000076293945
Kyrgyzstan,KGZ,2011,36.79999923706055
Kyrgyzstan,KGZ,2012,38
Kyrgyzstan,KGZ,2013,37
Kyrgyzstan,KGZ,2014,30.600000381469727
Kyrgyzstan,KGZ,2015,32.099998474121094
Kyrgyzstan,KGZ,2016,25.399999618530273
Kyrgyzstan,KGZ,2017,25.600000381469727
Kyrgyzstan,KGZ,2018,22.399999618530273
Kyrgyzstan,KGZ,2019,20.100000381469727
Kyrgyzstan,KGZ,2020,25.299999237060547
Laos,LAO,2018,18.299999237060547
Latvia,LVA,2015,21.799999237060547
Latvia,LVA,2016,22.100000381469727
Latvia,LVA,2017,23.299999237060547
Latvia,LVA,2018,22.899999618530273
Latvia,LVA,2019,21.600000381469727
Lebanon,LBN,2011,27.399999618530273
Lesotho,LSO,2002,56.599998474121094
Lesotho,LSO,2017,49.70000076293945
Liberia,LBR,2007,63.79999923706055
Liberia,LBR,2014,54.099998474121094
Liberia,LBR,2016,50.900001525878906
Lithuania,LTU,2015,21.899999618530273
Lithuania,LTU,2016,22.899999618530273
Lithuania,LTU,2017,22.899999618530273
Lithuania,LTU,2018,20.600000381469727
Lithuania,LTU,2019,20.899999618530273
Luxembourg,LUX,2019,17.399999618530273
Madagascar,MDG,2001,70.80000305175781
Madagascar,MDG,2005,73.19999694824219
Madagascar,MDG,2010,71.69999694824219
Madagascar,MDG,2012,70.69999694824219
Malawi,MWI,1997,65.30000305175781
Malawi,MWI,2004,52.400001525878906
Malawi,MWI,2010,50.70000076293945
Malawi,MWI,2016,51.5
Malawi,MWI,2019,50.70000076293945
Malaysia,MYS,2015,7.599999904632568
Malaysia,MYS,2018,5.599999904632568
Malaysia,MYS,2019,8.399999618530273
Maldives,MDV,2019,5.400000095367432
Mali,MLI,2001,50.900001525878906
Mali,MLI,2006,41.70000076293945
Mali,MLI,2009,41.099998474121094
Mali,MLI,2011,45.400001525878906
Mali,MLI,2013,47.099998474121094
Mali,MLI,2014,46.900001525878906
Mali,MLI,2015,47.20000076293945
Mali,MLI,2016,46.79999923706055
Mali,MLI,2017,44.900001525878906
Mali,MLI,2018,43.79999923706055
Mali,MLI,2019,42.29999923706055
Mali,MLI,2020,41.900001525878906
Malta,MLT,2004,14.300000190734863
Malta,MLT,2005,14.199999809265137
Malta,MLT,2006,15.100000381469727
Malta,MLT,2007,15.300000190734863
Malta,MLT,2008,14.899999618530273
Malta,MLT,2009,15.5
Malta,MLT,2010,15.600000381469727
Malta,MLT,2011,15.100000381469727
Malta,MLT,2012,15.800000190734863
Malta,MLT,2013,15.800000190734863
Malta,MLT,2014,16.600000381469727
Malta,MLT,2015,16.5
Malta,MLT,2016,16.700000762939453
Malta,MLT,2017,16.799999237060547
Malta,MLT,2018,17.100000381469727
Malta,MLT,2019,16.899999618530273
Mauritania,MRT,2000,51
Mauritania,MRT,2004,46.70000076293945
Mauritania,MRT,2008,42
Mauritania,MRT,2014,31
Mauritius,MUS,2012,7.900000095367432
Mauritius,MUS,2017,10.300000190734863
Mexico,MEX,2018,41.900001525878906
Mexico,MEX,2020,43.900001525878906
Micronesia (country),FSM,2005,29.899999618530273
Micronesia (country),FSM,2013,41.20000076293945
Moldova,MDA,2019,25.200000762939453
Moldova,MDA,2020,26.799999237060547
Mongolia,MNG,2010,38.79999923706055
Mongolia,MNG,2011,33.70000076293945
Mongolia,MNG,2012,27.399999618530273
Mongolia,MNG,2014,21.600000381469727
Mongolia,MNG,2016,29.600000381469727
Mongolia,MNG,2018,28.399999618530273
Mongolia,MNG,2020,27.799999237060547
Montenegro,MNE,2012,25.200000762939453
Montenegro,MNE,2013,24.100000381469727
Montenegro,MNE,2014,24.399999618530273
Montenegro,MNE,2015,24
Montenegro,MNE,2016,23.600000381469727
Montenegro,MNE,2017,23.799999237060547
Montenegro,MNE,2018,24.5
Montenegro,MNE,2019,22.600000381469727
Morocco,MAR,1998,16.299999237060547
Morocco,MAR,2000,15.300000190734863
Morocco,MAR,2006,8.899999618530273
Morocco,MAR,2013,4.800000190734863
Mozambique,MOZ,1996,69.4000015258789
Mozambique,MOZ,2002,54.099998474121094
Mozambique,MOZ,2008,54.70000076293945
Mozambique,MOZ,2014,46.099998474121094
Myanmar,MMR,2005,48.20000076293945
Myanmar,MMR,2010,42.20000076293945
Myanmar,MMR,2015,32.099998474121094
Myanmar,MMR,2017,24.799999237060547
Namibia,NAM,1993,69.30000305175781
Namibia,NAM,2003,37.70000076293945
Namibia,NAM,2009,28.700000762939453
Namibia,NAM,2015,17.399999618530273
Nepal,NPL,2010,25.200000762939453
Netherlands,NLD,2015,12.699999809265137
Netherlands,NLD,2016,13.199999809265137
Netherlands,NLD,2017,13.300000190734863
Netherlands,NLD,2018,13.199999809265137
Netherlands,NLD,2019,13.399999618530273
Nicaragua,NIC,2001,45.79999923706055
Nicaragua,NIC,2005,48.29999923706055
Nicaragua,NIC,2009,42.5
Nicaragua,NIC,2014,29.600000381469727
Nicaragua,NIC,2016,24.899999618530273
Niger,NER,2018,40.79999923706055
Nigeria,NGA,2018,40.099998474121094
North Macedonia,MKD,2009,27
North Macedonia,MKD,2010,26.799999237060547
North Macedonia,MKD,2011,26.200000762939453
North Macedonia,MKD,2012,24.200000762939453
North Macedonia,MKD,2013,22.100000381469727
North Macedonia,MKD,2014,21.5
North Macedonia,MKD,2015,21.899999618530273
North Macedonia,MKD,2016,22.200000762939453
North Macedonia,MKD,2017,21.899999618530273
North Macedonia,MKD,2018,21.600000381469727
Norway,NOR,2002,10.800000190734863
Norway,NOR,2003,10.800000190734863
Norway,NOR,2004,11.399999618530273
Norway,NOR,2005,12
Norway,NOR,2006,11.899999618530273
Norway,NOR,2007,11.399999618530273
Norway,NOR,2008,11.699999809265137
Norway,NOR,2009,11.199999809265137
Norway,NOR,2010,10.5
Norway,NOR,2011,10
Norway,NOR,2012,10.899999618530273
Norway,NOR,2013,10.899999618530273
Norway,NOR,2014,11.899999618530273
Norway,NOR,2015,12.199999809265137
Norway,NOR,2016,12.300000190734863
Norway,NOR,2017,12.899999618530273
Norway,NOR,2018,12.699999809265137
Norway,NOR,2019,12.699999809265137
Pakistan,PAK,2001,64.30000305175781
Pakistan,PAK,2004,51.70000076293945
Pakistan,PAK,2005,50.400001525878906
Pakistan,PAK,2007,44.099998474121094
Pakistan,PAK,2010,36.79999923706055
Pakistan,PAK,2011,36.29999923706055
Pakistan,PAK,2013,29.5
Pakistan,PAK,2015,24.299999237060547
Pakistan,PAK,2018,21.899999618530273
Palau,PLW,2006,24.899999618530273
Palestine,PSE,2010,25.700000762939453
Palestine,PSE,2011,25.799999237060547
Palestine,PSE,2016,29.200000762939453
Panama,PAN,2000,37.900001525878906
Panama,PAN,2005,36.599998474121094
Panama,PAN,2006,38.29999923706055
Panama,PAN,2007,36.5
Panama,PAN,2008,33.79999923706055
Panama,PAN,2009,33.400001525878906
Panama,PAN,2010,29.799999237060547
Panama,PAN,2011,27.600000381469727
Panama,PAN,2012,26.5
Panama,PAN,2013,25.799999237060547
Panama,PAN,2014,25.600000381469727
Panama,PAN,2015,23
Panama,PAN,2016,22.100000381469727
Panama,PAN,2017,20.700000762939453
Panama,PAN,2018,21.399999618530273
Panama,PAN,2019,21.5
Papua New Guinea,PNG,2009,39.900001525878906
Paraguay,PRY,2002,57.70000076293945
Paraguay,PRY,2003,51.400001525878906
Paraguay,PRY,2004,48.79999923706055
Paraguay,PRY,2005,44.900001525878906
Paraguay,PRY,2006,48.900001525878906
Paraguay,PRY,2007,45.29999923706055
Paraguay,PRY,2008,43.20000076293945
Paraguay,PRY,2009,41.599998474121094
Paraguay,PRY,2010,39
Paraguay,PRY,2011,37
Paraguay,PRY,2012,31.399999618530273
Paraguay,PRY,2013,28
Paraguay,PRY,2014,27.200000762939453
Paraguay,PRY,2015,26.600000381469727
Paraguay,PRY,2016,28.899999618530273
Paraguay,PRY,2017,26.399999618530273
Paraguay,PRY,2018,24.200000762939453
Paraguay,PRY,2019,23.5
Paraguay,PRY,2020,26.899999618530273
Peru,PER,2004,58.70000076293945
Peru,PER,2005,55.599998474121094
Peru,PER,2006,49.20000076293945
Peru,PER,2007,42.400001525878906
Peru,PER,2008,37.29999923706055
Peru,PER,2009,33.5
Peru,PER,2010,30.799999237060547
Peru,PER,2011,27.799999237060547
Peru,PER,2012,25.799999237060547
Peru,PER,2013,23.899999618530273
Peru,PER,2014,22.700000762939453
Peru,PER,2015,21.799999237060547
Peru,PER,2016,20.700000762939453
Peru,PER,2017,21.700000762939453
Peru,PER,2018,20.5
Peru,PER,2019,20.200000762939453
Peru,PER,2020,30.100000381469727
Philippines,PHL,2003,24.899999618530273
Philippines,PHL,2006,26.600000381469727
Philippines,PHL,2009,26.299999237060547
Philippines,PHL,2012,25.200000762939453
Philippines,PHL,2015,23.5
Philippines,PHL,2018,16.700000762939453
Poland,POL,2000,16
Poland,POL,2004,20.5
Poland,POL,2005,19.100000381469727
Poland,POL,2006,17.299999237060547
Poland,POL,2007,16.899999618530273
Poland,POL,2008,17.100000381469727
Poland,POL,2009,17.600000381469727
Poland,POL,2010,17.700000762939453
Poland,POL,2011,17.100000381469727
Poland,POL,2012,17.299999237060547
Poland,POL,2013,17
Poland,POL,2014,17.600000381469727
Poland,POL,2015,17.299999237060547
Poland,POL,2016,15
Poland,POL,2017,14.800000190734863
Poland,POL,2018,15.399999618530273
Poland,POL,2019,14.800000190734863
Portugal,PRT,2003,20.399999618530273
Portugal,PRT,2004,19.399999618530273
Portugal,PRT,2005,18.5
Portugal,PRT,2006,18.100000381469727
Portugal,PRT,2007,18.5
Portugal,PRT,2008,17.899999618530273
Portugal,PRT,2009,17.899999618530273
Portugal,PRT,2010,18
Portugal,PRT,2011,17.899999618530273
Portugal,PRT,2012,18.700000762939453
Portugal,PRT,2013,19.5
Portugal,PRT,2014,19.5
Portugal,PRT,2015,19
Portugal,PRT,2016,18.299999237060547
Portugal,PRT,2017,17.299999237060547
Portugal,PRT,2018,17.200000762939453
Portugal,PRT,2019,16.200000762939453
Romania,ROU,2019,23.399999618530273
Russia,RUS,2000,29
Russia,RUS,2002,24.600000381469727
Russia,RUS,2003,20.299999237060547
Russia,RUS,2004,17.600000381469727
Russia,RUS,2005,17.799999237060547
Russia,RUS,2006,15.199999809265137
Russia,RUS,2007,13.300000190734863
Russia,RUS,2008,13.399999618530273
Russia,RUS,2009,13
Russia,RUS,2010,12.5
Russia,RUS,2011,12.699999809265137
Russia,RUS,2012,10.699999809265137
Russia,RUS,2013,10.800000190734863
Russia,RUS,2014,11.199999809265137
Russia,RUS,2015,13.300000190734863
Russia,RUS,2016,13.300000190734863
Russia,RUS,2017,13.199999809265137
Russia,RUS,2018,12.600000381469727
Russia,RUS,2019,12.300000190734863
Russia,RUS,2020,12.100000381469727
Rwanda,RWA,2013,39.099998474121094
Rwanda,RWA,2016,38.20000076293945
Saint Lucia,LCA,2016,25
Samoa,WSM,2008,26.899999618530273
Samoa,WSM,2013,20.299999237060547
Senegal,SEN,2001,55.20000076293945
Senegal,SEN,2005,48.29999923706055
Senegal,SEN,2011,46.70000076293945
Serbia,SRB,2012,24.5
Serbia,SRB,2013,25
Serbia,SRB,2014,26.700000762939453
Serbia,SRB,2015,25.899999618530273
Serbia,SRB,2016,25.700000762939453
Serbia,SRB,2017,24.299999237060547
Serbia,SRB,2018,23.200000762939453
Serbia,SRB,2019,21.700000762939453
Seychelles,SYC,2013,39.29999923706055
Seychelles,SYC,2018,25.299999237060547
Sierra Leone,SLE,2018,56.79999923706055
Slovakia,SVK,2004,13.300000190734863
Slovakia,SVK,2005,11.600000381469727
Slovakia,SVK,2006,10.600000381469727
Slovakia,SVK,2007,10.899999618530273
Slovakia,SVK,2008,11
Slovakia,SVK,2009,12
Slovakia,SVK,2010,13
Slovakia,SVK,2011,13.199999809265137
Slovakia,SVK,2012,12.800000190734863
Slovakia,SVK,2013,12.600000381469727
Slovakia,SVK,2014,12.300000190734863
Slovakia,SVK,2015,12.699999809265137
Slovakia,SVK,2016,12.399999618530273
Slovakia,SVK,2017,12.199999809265137
Slovakia,SVK,2018,11.899999618530273
Slovakia,SVK,2019,11.399999618530273
Slovenia,SVN,2015,13.899999618530273
Slovenia,SVN,2016,13.300000190734863
Slovenia,SVN,2017,13.300000190734863
Slovenia,SVN,2018,12
Slovenia,SVN,2019,12.399999618530273
Solomon Islands,SLB,2005,22.700000762939453
Solomon Islands,SLB,2012,12.699999809265137
South Africa,ZAF,2005,66.5999984741211
South Africa,ZAF,2008,62.099998474121094
South Africa,ZAF,2010,53.20000076293945
South Africa,ZAF,2014,55.5
South Sudan,SSD,2016,82.30000305175781
Spain,ESP,2003,20.100000381469727
Spain,ESP,2004,20.100000381469727
Spain,ESP,2005,20.299999237060547
Spain,ESP,2006,19.700000762939453
Spain,ESP,2007,19.799999237060547
Spain,ESP,2008,20.399999618530273
Spain,ESP,2009,20.700000762939453
Spain,ESP,2010,20.600000381469727
Spain,ESP,2011,20.799999237060547
Spain,ESP,2012,20.399999618530273
Spain,ESP,2013,22.200000762939453
Spain,ESP,2014,22.100000381469727
Spain,ESP,2015,22.299999237060547
Spain,ESP,2016,21.600000381469727
Spain,ESP,2017,21.5
Spain,ESP,2018,20.700000762939453
Spain,ESP,2019,21
Sri Lanka,LKA,2002,22.700000762939453
Sri Lanka,LKA,2006,15.199999809265137
Sri Lanka,LKA,2009,8.899999618530273
Sri Lanka,LKA,2012,6.699999809265137
Sri Lanka,LKA,2016,4.099999904632568
Sudan,SDN,2009,46.5
Sweden,SWE,2007,13.5
Sweden,SWE,2008,14.399999618530273
Sweden,SWE,2009,14.800000190734863
Sweden,SWE,2010,15.399999618530273
Sweden,SWE,2011,15.199999809265137
Sweden,SWE,2012,16
Sweden,SWE,2013,15.600000381469727
Sweden,SWE,2014,16.299999237060547
Sweden,SWE,2015,16.200000762939453
Sweden,SWE,2016,15.800000190734863
Sweden,SWE,2017,16.399999618530273
Sweden,SWE,2018,17.100000381469727
Sweden,SWE,2019,16.100000381469727
Switzerland,CHE,2006,15
Switzerland,CHE,2007,15.699999809265137
Switzerland,CHE,2008,15.600000381469727
Switzerland,CHE,2009,15
Switzerland,CHE,2010,15
Switzerland,CHE,2011,15.899999618530273
Switzerland,CHE,2012,14.5
Switzerland,CHE,2013,13.800000190734863
Switzerland,CHE,2014,15.600000381469727
Switzerland,CHE,2015,14.699999809265137
Switzerland,CHE,2016,15.5
Switzerland,CHE,2017,14.600000381469727
Switzerland,CHE,2018,16
Switzerland,CHE,2019,15.5
Syria,SYR,2003,30.100000381469727
Syria,SYR,2007,35.20000076293945
Tajikistan,TJK,2013,34.29999923706055
Tajikistan,TJK,2014,32
Tajikistan,TJK,2015,31.299999237060547
Tajikistan,TJK,2016,30.299999237060547
Tajikistan,TJK,2017,29.5
Tajikistan,TJK,2018,27.399999618530273
Tajikistan,TJK,2019,26.299999237060547
Tanzania,TZA,2000,35.599998474121094
Tanzania,TZA,2007,34.400001525878906
Tanzania,TZA,2011,28.200000762939453
Tanzania,TZA,2017,26.399999618530273
Thailand,THA,2000,42.29999923706055
Thailand,THA,2002,32.400001525878906
Thailand,THA,2004,26.799999237060547
Thailand,THA,2006,21.899999618530273
Thailand,THA,2007,20
Thailand,THA,2008,20.399999618530273
Thailand,THA,2009,17.899999618530273
Thailand,THA,2010,16.399999618530273
Thailand,THA,2011,13.199999809265137
Thailand,THA,2012,12.600000381469727
Thailand,THA,2013,10.899999618530273
Thailand,THA,2014,10.5
Thailand,THA,2015,7.199999809265137
Thailand,THA,2016,8.600000381469727
Thailand,THA,2017,7.900000095367432
Thailand,THA,2018,9.899999618530273
Thailand,THA,2019,6.199999809265137
Thailand,THA,2020,6.800000190734863
Timor,TLS,2001,36.29999923706055
Timor,TLS,2007,50.400001525878906
Timor,TLS,2014,41.79999923706055
Togo,TGO,2006,61.70000076293945
Togo,TGO,2011,58.70000076293945
Togo,TGO,2015,55.099998474121094
Tonga,TON,2000,16.200000762939453
Tonga,TON,2009,22.5
Tunisia,TUN,2000,25.399999618530273
Tunisia,TUN,2005,23.100000381469727
Tunisia,TUN,2010,20.5
Tunisia,TUN,2015,15.199999809265137
Turkey,TUR,2001,25
Turkey,TUR,2005,18.600000381469727
Turkey,TUR,2006,16.299999237060547
Turkey,TUR,2007,16.700000762939453
Turkey,TUR,2008,17.100000381469727
Turkey,TUR,2009,16.899999618530273
Turkey,TUR,2010,16.100000381469727
Turkey,TUR,2011,16.299999237060547
Turkey,TUR,2012,15
Turkey,TUR,2013,15
Turkey,TUR,2014,14.699999809265137
Turkey,TUR,2015,14.300000190734863
Turkey,TUR,2016,13.5
Turkey,TUR,2017,13.899999618530273
Turkey,TUR,2018,14.399999618530273
Turkey,TUR,2019,15
Tuvalu,TUV,2010,26.299999237060547
Uganda,UGA,1992,56.400001525878906
Uganda,UGA,1996,44.400001525878906
Uganda,UGA,1999,33.79999923706055
Uganda,UGA,2002,38.79999923706055
Uganda,UGA,2005,31.100000381469727
Uganda,UGA,2009,24.5
Uganda,UGA,2012,19.700000762939453
Uganda,UGA,2016,21.399999618530273
Uganda,UGA,2019,20.299999237060547
Ukraine,UKR,2019,1.100000023841858
United Kingdom,GBR,2016,17
United Kingdom,GBR,2017,18.600000381469727
Uruguay,URY,2020,11.600000381469727
Uzbekistan,UZB,2012,15
Uzbekistan,UZB,2013,14.100000381469727
Vanuatu,VUT,2020,15.899999618530273
Venezuela,VEN,1997,55.599998474121094
Venezuela,VEN,1998,49
Venezuela,VEN,1999,42.79999923706055
Venezuela,VEN,2000,41.599998474121094
Venezuela,VEN,2001,31.100000381469727
Venezuela,VEN,2002,41.099998474121094
Venezuela,VEN,2003,54
Venezuela,VEN,2004,53.099998474121094
Venezuela,VEN,2005,42.400001525878906
Venezuela,VEN,2006,33.099998474121094
Venezuela,VEN,2007,27.5
Venezuela,VEN,2008,27.700000762939453
Venezuela,VEN,2009,26.399999618530273
Venezuela,VEN,2010,26.799999237060547
Venezuela,VEN,2011,27.399999618530273
Venezuela,VEN,2012,27.200000762939453
Venezuela,VEN,2013,29.399999618530273
Venezuela,VEN,2014,29.5
Venezuela,VEN,2015,33.099998474121094
Vietnam,VNM,2010,20.700000762939453
Vietnam,VNM,2012,17.200000762939453
Vietnam,VNM,2014,13.5
Vietnam,VNM,2016,9.800000190734863
Vietnam,VNM,2018,6.699999809265137
Yemen,YEM,2005,34.79999923706055
Yemen,YEM,2014,48.599998474121094
Zambia,ZMB,2010,54.70000076293945
Zambia,ZMB,2015,54.400001525878906
Zimbabwe,ZWE,2001,32.20000076293945
Zimbabwe,ZWE,2011,22.5
Zimbabwe,ZWE,2017,30.399999618530273
Zimbabwe,ZWE,2019,38.29999923706055